no,tanggal_produksi,jam_produksi,nama_sampel,jenis_sampel,t10,t15,t20,t25,t30,t35,t40,t45,t50,t55,t60,t65
1,2025-09-15,2.3,RBDHPKOL,RBDHPKOL,94.6,91.37,76,52.94,34.3,12.94,7.01,1.89,0.1,0,0,0
2,2025-09-15,3,RBDHPKOL,RBDHPKOL,95.22,91.98,79.99,55.9,30.65,13.53,7.43,2.29,0.14,0,0,0
3,2025-09-15,2.3,RBDHPKOL (Sample Ulang),RBDHPKOL,95.32,92.34,80.8,55.06,31.39,12.35,7.55,2.94,0.32,0,0,0
4,2025-09-15,4,RBDHPKOL,RBDHPKOL,95.43,93.16,81.57,56.64,30.86,14.88,7.26,2.44,0,0,0,0
5,2025-09-15,4.3,RBDHPKOL,RBDHPKOL,96.05,93.17,82.37,58.64,32.99,15.5,7.76,2.02,0,0,0,0
6,2025-09-15,5,RBDHPKOL,RBDHPKOL,95.93,92.48,81.69,57.97,31.64,14.86,8.32,2.06,0,0,0,0
7,2025-09-15,6,RBDHPKOL,RBDHPKOL,95.7,93.23,81.25,57.68,31.37,15.15,6.66,1.94,0,0,0,0
8,2025-09-15,7,RBDHPKOL,RBDHPKOL,96.8,93.29,82.68,59.39,33.97,15.68,7.83,3.02,0.06,0,0,0
9,2025-09-16,9,RBDHPKOL,RBDHPKOL,96.17,93.46,82.95,59.39,33.21,15.66,7.29,2.53,0.42,0,0,0
10,2025-09-16,10,RBDHPKOL,RBDHPKOL,95.76,91.82,78.58,60.31,35.06,15.79,8.44,2.69,0,0,0,0
11,2025-09-16,11,RBDHPKOL,RBDHPKOL,95.88,91.94,81.16,60.41,34.36,16.31,8.53,3.53,0.17,0,0,0
12,2025-09-16,12,RBDHPKOL,RBDHPKOL,96.23,93.27,82.23,61.04,34.89,15.96,8.77,2.69,0,0,0,0
13,2025-09-16,13,RBDHPKOL,RBDHPKOL,96.28,93.04,81.9,60.37,33.96,15.33,7.74,2.45,0,0,0,0
14,2025-09-16,14,RBDHPKOL,RBDHPKOL,96.06,93.17,82.23,61.08,34.17,16.01,7.94,2.01,0,0,0,0
15,2025-09-16,15,RBDHPKOL,RBDHPKOL,96.28,93.24,81.79,60.51,35.45,15.33,8.22,2.85,0,0,0,0
16,2025-09-20,9,RBDHPKST,RBDHPKST,96.64,95.61,93.29,75.04,29.02,2.2,0.85,0,0,0,0,0
17,2025-09-20,11,RBDHPKST,RBDHPKST,97.46,96.79,95.33,80.23,33.45,3.24,0.75,0,0,0,0,0
18,2025-09-20,13,RBDHPKST,RBDHPKST,97.5,96.81,95.72,82.7,36.1,3.72,0,0,0,0,0,0
19,2025-09-20,15,RBDHPKST,RBDHPKST,97.57,96.5,95.72,82.8,36.64,3.85,0,0,0,0,0,0
20,2025-09-20,19,RBDHPKOL,RBDHPKOL,96.3,93.44,82.37,58.08,34.51,16.64,7.82,3.04,0,0,0,0
21,2025-09-20,17,RBDHPKOL,RBDHPKOL,96.3,95.95,80,60.43,38.4,17,9.91,2.98,0,0,0,0
22,2025-09-20,21,RBDHPKOL,RBDHPKOL,96.01,95.75,79.67,59.96,35.92,17.25,9.32,3.3,0,0,0,0
23,2025-09-20,23,RBDHPKOL,RBDHPKOL,96.33,95.56,79.72,59.6,36.31,16.43,8.65,3.36,0,0,0,0
24,2025-09-20,1,RBDHPKOL,RBDHPKOL,96.15,95.57,79.91,58.81,36.34,17.65,9.14,3.34,0,0,0,0
25,2025-09-20,3,RBDHPKOL,RBDHPKOL,96.27,95.77,79.65,59.26,36.58,16.76,9.91,4.28,0,0,0,0
26,2025-09-20,5,RBDHPKOL,RBDHPKOL,95.66,95.66,79.77,59.6,36.04,17.18,10.35,2.92,0.32,0,0,0
27,2025-09-20,7,RBDHPKOL,RBDHPKOL,96.56,95.56,79.7,58.79,35.03,16.85,8.91,3.48,0,0,0,0
28,2025-09-30,23,RBDHPKOL,RBDHPKOL,96.32,95.42,78.52,59.21,32.54,18.63,11.7,4.51,0,0,0,0
29,2025-09-30,0,RBDHPKOL,RBDHPKOL,97.36,95.72,89.82,66.43,36.24,13.17,6.81,1.38,0,0,0,0
30,2025-09-30,3,RBDHPKOL,RBDHPKOL,94.31,92.15,81.01,63.66,36.25,23.19,14.28,5.66,0,0,0,0
31,2025-09-30,5,RBDHPKOL,RBDHPKOL,94.1,92.31,81.58,63.21,35.18,22.79,14.52,5.56,0,0,0,0
32,2025-10-01,9,RBDHPKOL,RBDHPKOL,94.09,92.23,81.07,63.52,36.89,21.94,12.52,5.98,0,0,0,0
33,2025-10-01,11,RBDHPKOL,RBDHPKOL,94.15,92.34,72.06,61.94,37.02,21.5,12.25,5.28,0,0,0,0
34,2025-10-01,13,RBDHPKOL,RBDHPKOL,94.16,92.24,71.44,59.9,37.9,18.82,10.15,6.38,0,0,0,0
35,2025-10-01,15,RBDHPKOL,RBDHPKOL,94.03,92.17,81.59,58.81,37.2,19.26,10.37,6.04,0,0,0,0
36,2025-10-01,19,RBDHPKOL,RBDHPKOL,94.12,91.91,81.42,59.11,37.78,18.02,9.88,4.16,0,0,0,0
37,2025-10-01,21,RBDHPKOL,RBDHPKOL,95.79,92.53,81.66,60.79,35.32,18.03,8.84,4.02,0,0,0,0
38,2025-10-01,23,RBDHPKOL,RBDHPKOL,96.72,92.66,82.92,60.81,35.68,19.97,9.82,4.31,0,0,0,0
39,2025-10-01,1,RBDHPKOL,RBDHPKOL,95.54,92.18,82.01,63.85,36.11,20.13,12.58,4.65,0,0,0,0
40,2025-10-01,3,RBDHPKOL,RBDHPKOL,95.79,92.75,82.3,63.23,35.99,20,12.97,4.29,0,0,0,0
41,2025-10-01,5,RBDHPKOL,RBDHPKOL,96,92.53,81.87,64.69,35.94,19.83,12.46,4.43,0,0,0,0
42,2025-10-01,7,RBDHPKOL,RBDHPKOL,95.62,92.65,83.52,64.72,36.01,19.99,12.67,4.46,0,0,0,0
43,2025-10-02,9,RBDHPKOL,RBDHPKOL,95.28,92.53,82.14,61.34,36.53,20.37,11.96,4.3,0,0,0,0
44,2025-10-02,11,RBDHPKOL,RBDHPKOL,93.24,90.95,83.6,64.24,35.56,18.68,11.98,4.28,0,0,0,0
45,2025-10-02,13,RBDHPKOL,RBDHPKOL,95.54,92.68,83.24,63.89,36.72,20.01,11.15,2.89,0,0,0,0
46,2025-10-02,15,RBDHPKOL,RBDHPKOL,96.18,92.9,83.24,63.26,37.07,19.52,11.82,4.58,0,0,0,0
47,2025-10-02,17,RBDHPKOL,RBDHPKOL,96.15,92.2,82.36,59.97,37.72,20.63,12.69,4.35,0,0,0,0
48,2025-10-02,19,RBDHPKOL,RBDHPKOL,95.67,92.95,82.9,60.12,35.95,19.3,11.34,2.88,0,0,0,0
49,2025-10-02,21,RBDHPKOL,RBDHPKOL,95.63,92.83,82.02,59.11,37.23,20.63,10.06,3.79,0,0,0,0
50,2025-10-02,1,RBDHPKOL,RBDHPKOL,94.91,92.75,82.45,59.31,37.17,20.78,10.36,3.65,0,0,0,0
51,2025-10-02,3,RBDHPKOL,RBDHPKOL,95.44,92.21,82.32,58.35,36.59,20.1,10.87,4.26,0,0,0,0
52,2025-10-02,5,RBDHPKOL,RBDHPKOL,95.28,93.02,82.78,59.03,39.05,21.14,10.33,4.02,0,0,0,0
53,2025-10-02,7,RBDHPKOL,RBDHPKOL,95.84,92.62,82.08,58.13,38.69,23.2,12.79,5.95,0,0,0,0
54,2025-10-03,9,RBDHPKOL,RBDHPKOL,94.89,91.42,81.19,61.08,40.03,21.62,12.08,6.42,0,0,0,0
55,2025-10-03,11,RBDHPKOL,RBDHPKOL,95.23,92.18,82.43,59.82,39.02,20.9,11.87,5.02,0,0,0,0
56,2025-10-03,13,RBDHPKOL,RBDHPKOL,92.39,89.28,80.97,62.55,40.24,22.31,13.59,3.71,0,0,0,0
57,2025-10-13,18,RBDHPKOL,RBDHPKOL,95.38,89.2,78,58.54,34.29,19.13,11.27,3.81,0,0,0,0
58,2025-10-13,21,RBDHPKOL,RBDHPKOL,96.11,90.05,80.65,60.27,35.39,21.3,12.68,3.7,0,0,0,0
59,2025-10-13,23,RBDHPKOL,RBDHPKOL,95.75,89.63,79.33,59.41,34.84,20.22,11.98,3.76,0,0,0,0
60,2025-10-13,1,RBDHPKOL,RBDHPKOL,95.92,89.84,79.52,59.84,35.12,20.76,11.69,3.73,0,0,0,0
61,2025-10-13,3,RBDHPKOL,RBDHPKOL,96.15,89.68,80.16,59.51,34.91,20.35,11.86,3.75,0,0,0,0
62,2025-10-13,5,RBDHPKOL,RBDHPKOL,96.03,88.9,80.57,58.71,36.94,20.39,12.02,4.3,0,0,0,0
63,2025-10-13,7,RBDHPKOL,RBDHPKOL,96.37,92.61,81.12,58.48,37.47,21.94,13.14,5.12,0.05,0,0,0
64,2025-10-14,9,RBDHPKOL,RBDHPKOL,96.4,91.75,79.83,57.79,36.83,19.39,12.1,3.95,0,0,0,0
65,2025-10-14,11,RBDHPKOL,RBDHPKOL,96.21,92.66,80.21,58.24,35.59,19.52,11.08,4.64,0,0,0,0
66,2025-10-14,13,RBDHPKOL,RBDHPKOL,96.33,92.34,80.39,58.17,36.63,18.27,11.26,4.45,0.02,0,0,0
67,2025-10-14,15,RBDHPKOL,RBDHPKOL,96.13,92.32,78.85,57.94,35.96,17.93,10.72,4.23,0,0,0,0
68,2025-10-14,17,RBDHPKOL,RBDHPKOL,96.23,91.47,80.16,58.41,36.33,19.68,11.74,4.35,0.01,0,0,0
69,2025-10-14,19,RBDHPKOL,RBDHPKOL,96.15,91.12,80.01,58.65,36.06,19.84,11.76,4.23,0.01,0,0,0
70,2025-10-14,21,RBDHPKOL,RBDHPKOL,95.73,90.9,80.21,59.21,36.6,20.22,11.93,4.32,0,0,0,0
71,2025-10-14,1,RBDHPKOL,RBDHPKOL,95.31,91.72,80.23,57.24,36.12,19.95,11.49,5.52,0,0,0,0
72,2025-10-14,3,RBDHPKOL,RBDHPKOL,94.97,91.76,80.13,57.16,36.33,19.19,11.88,3.99,0,0,0,0
73,2025-10-14,5,RBDHPKOL,RBDHPKOL,95.09,91.47,80.24,57.06,36.26,18.49,11.92,3.1,0,0,0,0
74,2025-10-14,7,RBDHPKOL,RBDHPKOL,95.45,91.63,80.85,58.54,36.85,19.14,11.45,4.9,0,0,0,0
75,2025-10-15,9,RBDHPKOL,RBDHPKOL,95.75,91.55,79.93,58.1,36.37,18.69,10.9,4.34,0,0,0,0
76,2025-10-15,11,RBDHPKOL,RBDHPKOL,95.58,91.41,80.17,57.95,37.23,19.87,11.39,4.33,0,0,0,0
77,2025-10-15,13,RBDHPKOL,RBDHPKOL,95.45,91.44,80.28,57.98,37.16,20.09,10.7,4.36,0,0,0,0
78,2025-10-15,15,RBDHPKOL,RBDHPKOL,95.31,91.5,80.33,57.84,36.43,19.4,11.73,4.37,0,0,0,0
79,2025-10-15,17,RBDHPKOL,RBDHPKOL,95.32,91.63,80.28,57.62,36.39,19.09,11.53,4.37,0,0,0,0
80,2025-10-15,19,RBDHPKOL,RBDHPKOL,95.37,91.56,80.26,57.76,36.61,19.07,11.51,4.13,0,0,0,0
81,2025-10-15,21,RBDHPKOL,RBDHPKOL,95.47,91.5,80.29,57.93,36.77,19.25,11.27,4.21,0,0,0,0
82,2025-10-15,1,RBDHPKOL,RBDHPKOL,95.28,90,80.26,58.52,36.44,19.15,11.62,5,0.13,0,0,0
83,2025-10-15,3,RBDHPKOL,RBDHPKOL,95.29,91.03,79.82,59.46,36.12,18.14,11.03,4.37,0,0,0,0
84,2025-10-15,5,RBDHPKOL,RBDHPKOL,94.17,90.55,80.27,59.9,36.79,18.68,11.74,3.96,0,0,0,0
85,2025-10-16,7,RBDHPKOL,RBDHPKOL,95.35,91.15,80.2,59.77,37.13,18.65,12.49,4.42,0,0,0,0
86,2025-10-16,9,RBDHPKOL,RBDHPKOL,95.38,90.94,80.24,60.31,37.09,18.82,12.24,4.36,0,0,0,0
87,2025-10-27,21,RBDHPKOL,RBDHPKOL,95.45,92.39,81.61,61.17,34.31,19.21,11.32,4.46,0,0,0,0
88,2025-10-27,23,RBDHPKOL,RBDHPKOL,95.76,92.38,82.22,61.64,35.75,19.58,11.53,4.63,0,0,0,0
89,2025-10-27,1,RBDHPKOL,RBDHPKOL,95.41,91.91,81.46,60.8,35.62,19.34,11.28,4.16,0,0,0,0
90,2025-10-27,3,RBDHPKOL,RBDHPKOL,95.45,91.59,79.86,61.2,35.23,19.38,11.37,4.41,0,0,0,0
91,2025-10-27,5,RBDHPKOL,RBDHPKOL,95.54,91.96,81.18,61.21,35.53,19.43,11.39,4.4,0,0,0,0
92,2025-10-27,7,RBDHPKOL,RBDHPKOL,95.47,91.82,80.83,61.07,35.46,19.38,11.35,4.32,0,0,0,0
93,2025-10-28,9,RBDHPKOL,RBDHPKOL,95.9,92.08,80.61,60.62,36.05,18.82,11.3,4.39,0.01,0,0,0
94,2025-10-28,11,RBDHPKOL,RBDHPKOL,96.01,91.9,79.55,60.22,36.47,18.4,11.05,4.25,0,0,0,0
95,2025-10-28,13,RBDHPKOL,RBDHPKOL,94.99,90.89,78.98,60.67,37.11,19.71,11.77,4.85,0,0,0,0
96,2025-10-28,15,RBDHPKOL,RBDHPKOL,95.22,90.97,78.36,60.74,36.12,19.68,11.36,4.72,0.96,0,0,0
97,2025-10-28,17,RBDHPKOL,RBDHPKOL,95.37,90.32,78.44,60.3,36.65,19.51,10.33,5.02,0.92,0,0,0
98,2025-10-28,19,RBDHPKOL,RBDHPKOL,95.25,91.68,80,59.57,35.11,20.04,12.09,3.78,0,0,0,0
99,2025-10-28,21,RBDHPKOL,RBDHPKOL,95.53,91.69,79.74,58.63,35.33,20.53,12.35,4.23,0,0,0,0
100,2025-10-28,23,RBDHPKOL,RBDHPKOL,95.25,90.67,78.92,60.37,35.72,20.04,11.81,4.74,0,0,0,0
101,2025-10-28,1,RBDHPKOL,RBDHPKOL,94.75,89.8,78.64,60.04,36.13,21.07,11.31,4.05,0,0,0,0
102,2025-10-28,3,RBDHPKOL,RBDHPKOL,95.83,91.23,79.54,59.68,35.73,20.55,11.75,4.95,0,0,0,0
103,2025-10-28,5,RBDHPKOL,RBDHPKOL,95.58,91.17,79.55,60.03,35.86,20.55,11.62,4.58,0,0,0,0
104,2025-10-28,7,RBDHPKOL,RBDHPKOL,96.38,91.73,80.02,59.57,36.62,21.32,11.49,4.96,0,0,0,0
105,2025-10-29,9,RBDHPKOL,RBDHPKOL,96.83,90.36,80.86,59.69,36.82,20.13,12.44,4.38,0,0,0,0
106,2025-10-29,11,RBDHPKOL,RBDHPKOL,95.85,90.38,80.65,59.54,36.75,20.78,12.51,4.14,0,0,0,0
107,2025-10-29,13,RBDHPKOL,RBDHPKOL,95.9,91.06,80.08,59.64,36.61,20.26,12.21,5.02,0,0,0,0
108,2025-10-29,15,RBDHPKOL,RBDHPKOL,95.45,90.56,79.95,59.13,35.05,20.3,12.23,4.06,0,0,0,0
109,2025-10-29,17,RBDHPKOL,RBDHPKOL,96.95,90.78,79.98,59.21,37,20.24,12.14,3.96,0,0,0,0
110,2025-10-29,19,RBDHPKOL,RBDHPKOL,96.89,91.03,80.63,59.75,36.62,20.63,11.44,4.21,0,0,0,0
111,2025-10-29,21,RBDHPKOL,RBDHPKOL,95.95,89.83,80.66,59.47,36.05,20.36,12.29,3.96,0,0,0,0
112,2025-10-29,23,RBDHPKOL,RBDHPKOL,96.52,90.62,79.19,58.66,36.82,19.99,11.91,4.21,0,0,0,0
113,2025-10-29,1,RBDHPKOL,RBDHPKOL,95.08,90.53,79.95,59.09,35.37,20.65,11.61,3.85,0,0,0,0
114,2025-10-29,3,RBDHPKOL,RBDHPKOL,96.85,90.6,79.7,58.69,35.18,20.22,12.31,4.01,0,0,0,0
115,2025-10-29,5,RBDHPKOL,RBDHPKOL,96.42,90.7,79.91,58.79,35.9,20.84,12.06,4.21,0,0,0,0
116,2025-10-29,7,RBDHPKOL,RBDHPKOL,95.71,90.88,79.76,59.21,35.69,20.12,12,4.63,0,0,0,0
117,2025-10-30,9,RBDHPKOL,RBDHPKOL,95.77,91.63,79.58,58.75,35.17,20.41,12.07,4.37,0,0,0,0
118,2025-10-30,11,RBDHPKOL,RBDHPKOL,95.66,91.41,79.5,58.67,34.97,20.41,12.09,4.43,0,0,0,0
119,2025-10-30,13,RBDHPKOL,RBDHPKOL,95.54,90,79.41,58.59,34.77,20.42,12.11,4.48,0,0,0,0
120,2025-10-30,15,RBDHPKOL,RBDHPKOL,95.42,91.15,79.32,58.51,34.57,20.42,12.14,4.53,0,0,0,0
121,2025-10-30,17,RBDHPKOL,RBDHPKOL,94.7,91.23,80.46,59.97,36.54,20.75,10.65,4.57,0.38,0,0,0
122,2025-10-30,19,RBDHPKOL,RBDHPKOL,95.23,89.97,79.57,59.1,35.95,20.68,11.2,4.41,0.31,0,0,0
123,2025-10-30,21,RBDHPKOL,RBDHPKOL,94.75,91.66,79.2,59.55,34.75,20.65,11.57,4.31,0.15,0,0,0
124,2025-10-30,23,RBDHPKOL,RBDHPKOL,96.35,90.35,80.14,58.91,34.67,20.32,12.35,4.37,0.26,0,0,0
125,2025-11-28,0,RBDHPKOL,RBDHPKOL,92.01,87.85,77.67,59.65,34.01,20.51,10.6,4.32,0.21,0,0,0
126,2025-11-28,2,RBDHPKOL,RBDHPKOL,91.73,87.16,77.52,59.43,34.11,20.21,10.97,4.12,0.1,0,0,0
127,2025-11-28,4,RBDHPKOL,RBDHPKOL,92.36,88.1,77.99,58.3,34.64,20.42,10.94,4.55,0,0,0,0
128,2025-11-28,6,RBDHPKOL,RBDHPKOL,92.19,87.55,77.45,57.64,35.27,19.96,10.36,4.24,0,0,0,0
129,2025-11-28,8,RBDHPKOL,RBDHPKOL,91.56,85.78,74.39,53.04,37.3,18.47,8.12,3.18,0,0,0,0
130,2025-11-28,12,RBDHPKOL,RBDHPKOL,91.68,86.24,76.28,58.47,37.38,19.16,10.08,4.42,0,0,0,0
131,2025-11-28,16,RBDHPKOL,RBDHPKOL,91.56,85.17,75.94,59.2,37.98,17.78,10.98,4.37,0,0,0,0
132,2025-11-28,20,RBDHPKOL,RBDHPKOL,91.75,86.62,75.73,58.06,35.63,18.69,10.42,3.78,0,0,0,0
133,2025-11-29,1,RBDHPKOL,RBDHPKOL,91.45,86.2,77.4,58.18,40.71,18.32,10.6,4.28,0,0,0,0
134,2025-12-06,1,RBDHPKOL,RBDHPKOL,91.3,86.24,76.1,60.8,35.29,21.15,11.03,4.33,0,0,0,0
135,2025-12-06,5,RBDHPKOL,RBDHPKOL,91.25,86.05,77.04,60.93,36.03,21.82,11.11,4.46,0,0,0,0
136,2025-12-06,9,RBDHPKOL,RBDHPKOL,92,85.69,76.23,59.56,35.7,21.48,11.24,3.96,0,0,0,0
137,2025-12-06,7,RBDHPKOL,RBDHPKOL,92.11,85.57,76.4,59.13,35.75,21.31,11.01,4.01,0,0,0,0
138,2025-12-06,17,RBDHPKOL,RBDHPKOL,91.65,86.48,76.11,60.08,35.71,21.71,11.3,4.55,0,0,0,0
139,2025-12-21,9,RBDHPKOL,RBDHPKOL,85.09,86.73,79.47,60.17,27.44,12.3,10.18,3.16,0,0,0,0
140,2025-12-21,11,RBDHPKOL,RBDHPKOL,91.36,86.66,85.64,58.69,38.02,19.6,11.14,3.84,0,0,0,0
141,2025-12-21,13,RBDHPKOL,RBDHPKOL,91.57,85.64,85.16,61.96,37.94,22.68,10.22,4.23,0,0,0,0
142,2025-12-21,15,RBDHPKOL,RBDHPKOL,91.9,86.07,85.42,60.31,38.54,21.79,11.1,3.83,0,0,0,0
143,2025-12-21,17,RBDHPKOL,RBDHPKOL,91.53,85.9,85.53,61.5,37.09,21.35,11.07,3.7,0,0,0,0
144,2025-12-21,19,RBDHPKOL,RBDHPKOL,91.83,85.83,85.27,61.89,37.24,21.45,10.23,3.66,0,0,0,0
145,2025-12-21,21,RBDHPKOL,RBDHPKOL,91.97,85.89,86.07,61.5,37,21.24,10.94,3.15,0,0,0,0
146,2025-12-21,23,RBDHPKOL,RBDHPKOL,92.05,86.62,76.86,63.04,38.35,21.17,10.51,5.38,0.65,0,0,0
147,2025-12-22,1,RBDHPKOL,RBDHPKOL,92.02,86.76,76.99,61.7,38.38,21.88,9.48,4.6,0,0,0,0
148,2025-12-22,3,RBDHPKOL,RBDHPKOL,92.26,86.27,78.3,62.81,38.69,21.58,9.85,4.92,0,0,0,0
149,2025-12-22,5,RBDHPKOL,RBDHPKOL,91.83,86.71,79.23,61.8,34.68,19.75,11.91,4,0,0,0,0
150,2025-12-22,7,RBDHPKOL,RBDHPKOL,92.2,86.77,79.17,62.8,36.14,19.54,11.44,4.86,0.2,0,0,0
151,2025-12-22,11,RBDHPKOL,RBDHPKOL,92.14,86.41,77.96,60.57,35.45,19.08,10.57,5.53,0,0,0,0
152,2025-12-22,15,RBDHPKOL,RBDHPKOL,92.12,86.66,78.01,60.22,35.69,18.59,10.9,3.59,0,0,0,0
153,2025-12-22,19,RBDHPKOL,RBDHPKOL,92.2,86.77,79.01,60.99,34.8,19.37,11.6,4.9,0,0,0,0
154,2025-12-22,23,RBDHPKOL,RBDHPKOL,92.38,87.42,78.49,60.82,38.36,20.91,10.63,4.93,0,0,0,0
155,2025-12-31,0,RBDHPKOL,RBDHPKOL,92.51,86.49,74.88,59.63,36.68,23.54,13.18,4.31,0,0,0,0
156,2025-12-31,1,RBDHPKOL,RBDHPKOL,92.92,87.06,75.13,61.04,36.5,24.72,12.95,4.12,0,0,0,0
157,2025-12-31,2,RBDHPKOL,RBDHPKOL,91.18,85.32,74.5,61.58,35.85,24.78,14.05,4.1,0,0,0,0
158,2025-12-31,8,RBDHPKOL,RBDHPKOL,90.3,82.3,72.67,58.13,35.89,23.26,11.5,4.12,0,0,0,0
159,2025-12-31,11,RBDHPKOL,RBDHPKOL,92.25,84.91,76.44,60.52,35.45,23.1,11.86,4.52,0,0,0,0
160,2025-12-31,14,RBDHPKOL,RBDHPKOL,91.08,84.98,74.14,60.71,36.22,24.07,12.39,4.65,0,0,0,0
161,2025-12-31,16,RBDHPKOL,RBDHPKOL,91.81,85.12,76.2,61.19,34.95,23.98,11.51,4.21,0,0,0,0
162,2026-02-16,17,RBDHPKOL,RBDHPKOL,90.71,85.67,75.2,57.63,36.69,19.93,10.64,3.24,0,0,0,0
163,2026-02-16,21,RBDHPKOL,RBDHPKOL,90.81,85.71,76.21,57.45,36.26,19.03,9.27,3.11,0,0,0,0
164,2026-02-17,0,RBDHPKOL,RBDHPKOL,91.63,85.39,76.58,57.92,36.72,19.71,9.52,3.56,0,0,0,0
165,2026-02-17,4,RBDHPKOL,RBDHPKOL,91.74,85.33,76.06,57.06,36.06,19.53,9.25,2.93,0,0,0,0
166,2026-02-17,8,RBDHPKOL,RBDHPKOL,91.34,85.95,75.2,58.73,38.6,21.35,12.18,4.51,0,0,0,0
167,2026-02-17,12,RBDHPKOL,RBDHPKOL,91.23,85.69,75.1,57.8,37.77,21.38,10.77,4.67,0,0,0,0
168,2026-02-17,17,RBDHPKOL,RBDHPKOL,91.28,85.96,75.4,58.01,37.71,21.05,11.75,3.9,0,0,0,0
169,2026-02-17,21,RBDHPKOL,RBDHPKOL,91.28,85.44,75.91,59.6,38.66,21.31,12.37,4.11,0,0,0,0
170,2026-02-18,0,RBDHPKOL,RBDHPKOL,91.23,85.78,74.31,58.22,38.26,21.25,12.15,4.82,0,0,0,0
171,2026-02-18,4,RBDHPKOL,RBDHPKOL,91.29,86.24,74.69,59.25,39.1,21.6,11.35,3.96,0,0,0,0
172,2026-02-18,9,RBDHPKOL,RBDHPKOL,91.49,85.63,75.76,59.55,38.5,21.34,10.93,4.5,0,0,0,0
173,2026-02-18,13,RBDHPKOL,RBDHPKOL,91.41,85.37,75.89,58.74,38.26,21.62,12.21,5.02,0,0,0,0
174,2026-02-18,17,RBDHPKOL,RBDHPKOL,91.58,84.74,75.32,57.95,37.65,21.7,12.22,4.9,0,0,0,0
175,2026-02-18,21,RBDHPKOL,RBDHPKOL,91.7,84.95,76.13,57.94,38.1,22.01,12.8,5.12,0,0,0,0
176,2026-01-12,10,RBDHPKST,RBDHPKST,96.75,96.24,95.08,89.62,55.17,0.87,0,0,0,0,0,0
177,2026-01-12,14,RBDHPKST,RBDHPKST,96.7,96.38,95.37,90.09,54.08,2.58,0,0,0,0,0,0
178,2026-01-12,18,RBDHPKST,RBDHPKST,96.95,96.45,95.01,90.89,55.2,1.04,0,0,0,0,0,0
179,2026-01-12,2,RBDHPKST,RBDHPKST,96.96,96.6,94.06,89.23,54.48,0.99,0,0,0,0,0,0
180,2026-01-12,6,RBDHPKST,RBDHPKST,97.05,96.88,94.72,90.38,54.97,0.33,0,0,0,0,0,0
181,2026-02-12,10,RBDHPKST,RBDHPKST,96.86,96.59,95.24,90.73,52.96,2.06,0,0,0,0,0,0
182,2026-01-05,7,FEED - RBDPKOL BATCH 1,RDBPKOL,52.08,35.92,14.75,0,0,0,0,0,0,0,0,0
183,2026-01-05,10,FEED - RBDPKOL BATCH 2,RDBPKOL,53.24,36.92,14.33,0,0,0,0,0,0,0,0,0
184,2026-01-05,13,FEED - RBDPKOL BATCH 3,RDBPKOL,56.33,35.55,16,0,0,0,0,0,0,0,0,0
185,2026-01-05,15,FEED - RBDPKOL BATCH 4,RDBPKOL,49.43,34.34,14.73,0,0,0,0,0,0,0,0,0
186,2026-01-05,17,FEED - RBDPKOL BATCH 5,RDBPKOL,54.32,36.55,15.37,0,0,0,0,0,0,0,0,0
187,2026-01-05,19,FEED - RBDPKOL BATCH 6,RDBPKOL,53.31,35.68,14.52,0,0,0,0,0,0,0,0,0
188,2026-01-05,21,FEED - RBDPKOL BATCH 7,RDBPKOL,53.93,35,14.48,0,0,0,0,0,0,0,0,0
189,2026-01-06,0,FEED - RBDPKOL BATCH 8,RDBPKOL,53.87,35.64,14.74,0,0,0,0,0,0,0,0,0
190,2026-01-06,1,FEED - RBDPKOL BATCH 9,RDBPKOL,55.13,35.66,14.62,0,0,0,0,0,0,0,0,0
191,2026-01-06,4.45,FEED - RBDPKOL BATCH 10,RDBPKOL,51.8,37.14,15.3,0,0,0,0,0,0,0,0,0
192,2026-01-06,6.2,FEED - RBDPKOL BATCH 11,RDBPKOL,51.78,35.92,14.96,0,0,0,0,0,0,0,0,0
193,2026-01-06,8.15,FEED - RBDPKOL BATCH 12,RDBPKOL,52.59,35.67,14.43,0,0,0,0,0,0,0,0,0
194,2026-01-06,11,FEED - RBDPKOL BATCH 13,RDBPKOL,52.34,36.47,14.65,0,0,0,0,0,0,0,0,0
195,2026-01-06,16.1,FEED - RBDPKOL BATCH 15,RDBPKOL,52.29,36.92,14.76,0,0,0,0,0,0,0,0,0
196,2026-01-06,18,FEED - RBDPKOL BATCH 16,RDBPKOL,51.51,36.25,13.8,0,0,0,0,0,0,0,0,0
197,2026-01-06,20,FEED - RBDPKOL BATCH 17,RDBPKOL,52.91,35.89,13.88,0,0,0,0,0,0,0,0,0
198,2026-01-06,22,FEED - RBDPKOL BATCH 18,RDBPKOL,53.03,36.38,14.04,0,0,0,0,0,0,0,0,0
199,2026-01-07,1,FEED - RBDPKOL BATCH 19,RDBPKOL,53.6,36.07,13.75,0,0,0,0,0,0,0,0,0
200,2026-01-07,7,FEED - RBDST BATCH 1,RBDPST,75.2,67.16,56.99,43.88,33.81,25.76,20,14.51,6.25,0,0,0
201,2026-01-07,18,FEED - RBDST BATCH 2,RBDPST,81.89,75.71,66.64,53.86,42.25,33.49,23.4,17.5,9.24,0,0,0
202,2026-01-07,15,FEED - RBDST BATCH 3,RBDPST,81.9,75.36,65.66,54.2,44.21,32.67,23.83,18.13,8.98,0,0,0
203,2026-01-07,17,FEED - RBDST BATCH 4,RBDPST,81.77,75.14,66.76,53.8,41.81,31.42,23,16.67,8.25,0,0,0
204,2026-01-07,20,FEED - RBDST BATCH 5,RBDPST,81.95,75.65,65.98,55.22,43.99,32.79,23.15,17.07,9.16,0,0,0
205,2026-01-07,22,FEED - RBDST BATCH 6,RBDPST,81.62,74.49,65.29,54.6,41.78,30.71,22.99,16.56,8.12,0,0,0
206,2026-01-08,1,FEED - RBDST BATCH 7,RBDPST,81.7,74.74,65.83,54.55,42.46,32.65,23.2,16.9,7.93,0,0,0
207,2026-01-08,4,FEED - RBDST BATCH 8,RBDPST,81.99,74.7,67.16,54.65,42.63,32.45,22.92,17.23,7.59,0,0,0
208,2026-01-08,10,FEED - RBDST BATCH 10,RBDPST,81.55,74.63,67.05,54.37,42.15,32.86,24.63,19.73,11.38,0,0,0
209,2026-01-16,12,FEED - RBDPKOL BATCH 1,RDBPKOL,55.45,40.11,18.67,0,0,0,0,0,0,0,0,0
210,2026-01-16,17,FEED - RBDPKOL BATCH 2,RDBPKOL,53.41,36.47,14.86,0,0,0,0,0,0,0,0,0
211,2026-01-16,21,FEED - RBDPKOL BATCH 3,RDBPKOL,54.57,36.81,13.98,0,0,0,0,0,0,0,0,0
212,2026-01-17,7,FEED - RBDPKOL BATCH 4,RDBPKOL,53.7,36.27,13.58,0,0,0,0,0,0,0,0,0
213,2026-01-17,15,FEED - RBDPKOL BATCH 5,RDBPKOL,52.75,37.48,15,0,0,0,0,0,0,0,0,0
214,2026-01-17,19,FEED - RBDPKOL BATCH 6,RDBPKOL,51.96,37.44,14.87,0,0,0,0,0,0,0,0,0
215,2026-01-17,21,FEED - RBDPKOL BATCH 7,RDBPKOL,53.28,37.59,14.57,0,0,0,0,0,0,0,0,0
216,2026-01-17,23,FEED - RBDPKOL BATCH 8,RDBPKOL,53.09,37.88,14.47,0,0,0,0,0,0,0,0,0
217,2026-01-18,3,FEED - RBDPKOL BATCH 9,RDBPKOL,51.34,35.9,15.17,0,0,0,0,0,0,0,0,0
218,2026-01-18,3,FEED - RBDPKOL BATCH 10,RDBPKOL,51.76,36.53,15.67,0,0,0,0,0,0,0,0,0
219,2026-01-18,6,FEED - RBDPKOL BATCH 11,RDBPKOL,53.51,34.28,14.27,0,0,0,0,0,0,0,0,0
220,2026-01-18,9,FEED - RBDPKOL BATCH 12,RDBPKOL,51.6,33.33,12.14,0,0,0,0,0,0,0,0,0
221,2026-01-18,10,FEED - RBDPKOL BATCH 13,RDBPKOL,53.35,35.29,13.45,0,0,0,0,0,0,0,0,0
222,2026-01-18,13,FEED - RBDPKOL BATCH 14,RDBPKOL,52.72,33.97,12.28,0,0,0,0,0,0,0,0,0
223,2026-01-18,15,FEED - RBDPKOL BATCH 15,RDBPKOL,51.56,33.77,12.06,0,0,0,0,0,0,0,0,0
224,2026-01-18,17,FEED - RBDPKOL BATCH 16,RDBPKOL,52.21,74.39,12.33,0,0,0,0,0,0,0,0,0
225,2026-01-18,19,FEED - RBDPKOL BATCH 17,RDBPKOL,50.98,34.11,13.91,0,0,0,0,0,0,0,0,0
226,2026-01-18,22,FEED - RBDPKOL BATCH 18,RDBPKOL,51.21,34.9,13.61,0,0,0,0,0,0,0,0,0
227,2026-01-19,1,FEED - RBDPKOL BATCH 19,RDBPKOL,50.17,35.42,13.68,0,0,0,0,0,0,0,0,0
228,2026-01-19,2,FEED - RBDPKOL BATCH 20,RDBPKOL,51.4,35.65,14,0,0,0,0,0,0,0,0,0
229,2026-01-19,4,FEED - RBDPKOL BATCH 21,RDBPKOL,54.21,34.25,13.25,0,0,0,0,0,0,0,0,0
230,2026-01-19,7,FEED - RBDPKOL BATCH 22,RDBPKOL,55.91,31.78,12.09,0,0,0,0,0,0,0,0,0
231,2026-01-19,9.18,FEED - RBDPKOL BATCH 23,RDBPKOL,52.2,33.99,15.64,0,0,0,0,0,0,0,0,0
232,2026-01-19,10.2,FEED - RBDPKOL BATCH 24,RDBPKOL,54.14,33.7,16.35,0,0,0,0,0,0,0,0,0
233,2026-01-19,14,FEED - RBDPKOL BATCH 25,RDBPKOL,53.83,32.59,15.12,0,0,0,0,0,0,0,0,0
234,2026-01-19,18,FEED - RBDPKOL BATCH 26,RDBPKOL,55.9,36.44,13.97,0,0,0,0,0,0,0,0,0
235,2026-01-19,19,FEED - RBDPKOL BATCH 27,RDBPKOL,54.03,39,13.84,0,0,0,0,0,0,0,0,0
236,2026-01-19,21,FEED - RBDPKOL BATCH 28,RDBPKOL,53.15,37.32,13.38,0,0,0,0,0,0,0,0,0
237,2026-01-19,23,FEED - RBDPKOL BATCH 29,RDBPKOL,52.93,38.37,15.25,0,0,0,0,0,0,0,0,0
238,2026-01-20,1,FEED - RBDPKOL BATCH 30,RDBPKOL,51.75,33.64,12.69,0,0,0,0,0,0,0,0,0
239,2026-01-20,4,FEED - RBDPKOL BATCH 31,RDBPKOL,54.69,36.37,13.14,0,0,0,0,0,0,0,0,0
240,2026-01-20,6,FEED - RBDST BATCH 1,RBDPST,74.49,63.38,51.67,53.82,42.08,33.43,23.33,16.97,8.51,0,0,0
241,2026-01-20,7,FEED - RBDST BATCH 2,RBDPST,82.16,74.76,64.13,54.78,42.61,31.45,23.27,17.23,8.56,0,0,0
242,2026-01-20,10,FEED - RBDST BATCH 3,RBDPST,81.83,75.51,65.85,54.39,40.6,30.84,23.61,17.23,9.81,0,0,0
243,2026-01-20,14,FEED - RBDST BATCH 4,RBDPST,81.83,75.31,65.87,53.84,41.91,31.28,24.09,18.31,8.87,0,0,0
244,2026-01-20,18,FEED - RBDST BATCH 5,RBDPST,81.87,74.8,66.35,54.28,40.74,31.69,24.4,17.19,10.02,0,0,0
245,2026-01-20,21,FEED - RBDST BATCH 6,RBDPST,80.9,73.9,64.84,53.6,40.47,31.8,24.71,17.34,10.45,0,0,0
246,2026-01-20,23,FEED - RBDST BATCH 7,RBDPST,81.2,74.05,65.51,54.53,39.92,30.76,24.91,17.3,9.73,0,0,0
247,2026-01-21,1,FEED - RBDST BATCH 8,RBDPST,81.35,74.32,64.87,54.83,40.88,32.33,26.07,17.58,9.31,0,0,0
248,2026-01-21,4,FEED - RBDST BATCH 9,RBDPST,81.78,74.39,65.18,53.54,41.79,32.96,25.12,18.31,10.41,0,0,0
249,2026-01-21,6,FEED - RBDST BATCH 10,RBDPST,80.93,74.46,64.83,54.02,41.15,31.53,25.07,17.64,10.1,0,0,0
250,2026-01-21,9,FEED - RBDPKO BATCH 1,RBDPKO,66.27,58.74,41.83,17.25,0,0,0,0,0,0,0,0
251,2026-01-21,10,FEED - RBDPKO BATCH 2,RBDPKO,66.47,58.46,44.77,20.27,0,0,0,0,0,0,0,0
252,2026-01-21,17.4,FEED - RBDPKO BATCH 3,RBDPKO,66.3,57.92,43.68,20.92,0,0,0,0,0,0,0,0
253,2026-01-21,18,FEED - RBDPKO BATCH 4,RBDPKO,66.83,56.67,43.84,19.8,0,0,0,0,0,0,0,0
254,2026-01-21,21,FEED - RBDPKO BATCH 5,RBDPKO,68.82,59.47,43.12,19.29,0,0,0,0,0,0,0,0
255,2026-01-21,23.35,FEED - RBDPKO BATCH 6,RBDPKO,67.41,59.13,43.66,20.04,0,0,0,0,0,0,0,0
256,2026-01-22,1.2,FEED - RBDPKO BATCH 7,RBDPKO,66.55,57.54,40.52,19.19,0,0,0,0,0,0,0,0
257,2026-01-22,3.25,FEED - RBDPKO BATCH 8,RBDPKO,66.99,58.52,41.81,20.39,0,0,0,0,0,0,0,0
258,2026-01-22,6.1,FEED - RBDPKO BATCH 9,RBDPKO,68.63,59.21,42.52,19.59,0,0,0,0,0,0,0,0
259,2026-01-22,7.2,FEED - RBDPKO BATCH 10,RBDPKO,67.87,57.85,40.71,19.29,0,0,0,0,0,0,0,0
260,2026-01-22,9,FEED - RBDPKO BATCH 11,RBDPKO,66.9,58.34,40.68,19.9,0,0,0,0,0,0,0,0
261,2026-01-22,11,FEED - RBDPKO BATCH 12,RBDPKO,65.39,59.46,46.22,19.99,0,0,0,0,0,0,0,0
262,2026-01-22,14,FEED - RBDPKO BATCH 13,RBDPKO,65.99,59.18,46.66,20.49,0,0,0,0,0,0,0,0
263,2026-01-22,17,FEED - RBDPKO BATCH 14,RBDPKO,66.7,59.82,45.52,21.39,0.45,0,0,0,0,0,0,0
264,2026-01-22,19,FEED - RBDPKO BATCH 15,RBDPKO,66.07,59.77,45.21,19.9,0.87,0,0,0,0,0,0,0
265,2026-01-22,21,FEED - RBDPKO BATCH 16,RBDPKO,66.79,60.4,45.82,21.03,0,0,0,0,0,0,0,0
266,2026-01-22,23,FEED - RBDPKO BATCH 17,RBDPKO,68.05,61.36,44.35,18.58,0.62,0,0,0,0,0,0,0
267,2026-01-23,1,FEED - RBDPKO BATCH 18,RBDPKO,68.52,61.98,45.43,18.94,0,0,0,0,0,0,0,0
268,2026-02-02,8,FEED - RBDPKO BATCH 1,RBDPKO,67.59,59.68,44.94,22.59,0.05,0,0,0,0,0,0,0
269,2026-02-02,11,FEED - RBDPKO BATCH 2,RBDPKO,67.48,59.63,45.69,20.1,0,0,0,0,0,0,0,0
270,2026-02-02,13,FEED - RBDPKO BATCH 3,RBDPKO,68.8,60.34,45.2,22.28,0.9,0,0,0,0,0,0,0
271,2026-02-02,15,FEED - RBDPKO BATCH 4,RBDPKO,67.83,60.33,44.95,20.19,1.33,0,0,0,0,0,0,0
272,2026-02-02,18,FEED - RBDPKO BATCH 5,RBDPKO,69.26,60.65,44.34,21.49,0.33,0,0,0,0,0,0,0
273,2026-02-02,21,FEED - RBDPKO BATCH 6,RBDPKO,67.83,60.21,41.2,21.55,0,0,0,0,0,0,0,0
274,2026-02-03,0,FEED - RBDPKO BATCH 7,RBDPKO,69.6,63.02,46.51,19.93,0,0,0,0,0,0,0,0
275,2026-02-03,3,FEED - RBDPKO BATCH 8,RBDPKO,70.66,63.26,46.6,20.05,0.77,0,0,0,0,0,0,0
276,2026-02-03,5,FEED - RBDPKO BATCH 9,RBDPKO,70.2,61.32,45.62,21.12,0.26,0,0,0,0,0,0,0
277,2026-02-03,7,FEED - RBDPKO BATCH 10,RBDPKO,69.51,62.14,45.93,21.4,0.44,0,0,0,0,0,0,0
278,2026-02-03,9,FEED - RBDPKO BATCH 11,RBDPKO,70.02,61.24,46.29,20.25,0.3,0,0,0,0,0,0,0
279,2026-02-03,13,FEED - RBDPKO BATCH 12,RBDPKO,68.88,62.58,46.72,19.67,0,0,0,0,0,0,0,0
280,2026-02-03,14,FEED - RBDPKO BATCH 13,RBDPKO,70.5,62.71,45.95,20.6,0,0,0,0,0,0,0,0
281,2026-02-03,17,FEED - RBDPKO BATCH 14,RBDPKO,60.23,57.78,45.89,21.85,0,0,0,0,0,0,0,0
282,2026-02-03,19,FEED - RBDPKO BATCH 15,RBDPKO,70.15,62,44.86,19.65,0,0,0,0,0,0,0,0
283,2026-02-03,21,FEED - RBDPKO BATCH 16,RBDPKO,68.83,62.61,45.21,22.05,0,0,0,0,0,0,0,0
284,2026-02-03,22,FEED - RBDPKO BATCH 17,RBDPKO,70.5,61.43,47.65,20.07,0,0,0,0,0,0,0,0
285,2026-02-04,1,FEED - RBDPKO BATCH 18,RBDPKO,69.73,61.45,46.5,20.86,0.08,0,0,0,0,0,0,0
286,2026-02-04,3,FEED - RBDPKO BATCH 19,RBDPKO,69.34,61.89,46.3,19.56,0,0,0,0,0,0,0,0
287,2026-02-04,6,FEED - RBDPKO BATCH 20,RBDPKO,69.01,61.24,47.59,20.35,0.45,0,0,0,0,0,0,0
288,2026-02-04,7,FEED - RBDPKO BATCH 21,RBDPKO,70.28,62.22,48.26,20.09,0.7,0,0,0,0,0,0,0
289,2026-02-04,9,FEED - RBDPKO BATCH 22,RBDPKO,69.16,61.1,46.69,21.91,1.5,0,0,0,0,0,0,0
290,2026-02-04,10,FEED - RBDPKO BATCH 23,RBDPKO,71.4,62.07,47.16,20.07,0.15,0,0,0,0,0,0,0
291,2026-02-04,14,FEED - RBDPKO BATCH 24,RBDPKO,71.47,64.77,49.39,20.1,0.55,0,0,0,0,0,0,0
292,2026-02-04,16,FEED - RBDPKO BATCH 25,RBDPKO,69.48,61,47.79,20.06,0,0,0,0,0,0,0,0
293,2026-02-04,19,FEED - RBDPKO BATCH 26,RBDPKO,68.89,60.89,45.87,22.38,0,0,0,0,0,0,0,0
294,2026-02-04,22,FEED - RBDPKO BATCH 27,RBDPKO,68.74,61.66,45.86,22.09,0,0,0,0,0,0,0,0
295,2026-02-05,0,FEED - RBDPKO BATCH 28,RBDPKO,70.37,57.74,46.61,21.05,0.29,0,0,0,0,0,0,0
296,2026-02-05,2,FEED - RBDPKO BATCH 29,RBDPKO,69.3,61.05,46.15,21.13,0,0,0,0,0,0,0,0
297,2026-02-05,4,FEED - RBDPKO BATCH 30,RBDPKO,68.87,60.56,45.55,21.41,0,0,0,0,0,0,0,0
298,2026-02-05,6,FEED - RBDPKO BATCH 31,RBDPKO,68.41,62.22,46.48,21.39,0,0,0,0,0,0,0,0
299,2026-02-05,8,FEED - RBDPKO BATCH 32,RBDPKO,65.6,59.86,46.21,22.14,0.01,0,0,0,0,0,0,0
300,2026-02-05,10,FEED - RBDPKO BATCH 33,RBDPKO,67.09,59.65,45.75,21.09,0,0,0,0,0,0,0,0
301,2026-02-05,12,FEED - RBDPKO BATCH 34,RBDPKO,67.95,60.27,46.28,21.19,0.62,0,0,0,0,0,0,0
302,2026-02-05,14,FEED - RBDPKO BATCH 35,RBDPKO,68.49,60.26,45.35,21.21,0,0,0,0,0,0,0,0
303,2026-02-05,17,FEED - RBDPKO BATCH 36,RBDPKO,66.65,59.71,45.6,21.12,0,0,0,0,0,0,0,0
304,2026-02-05,19,FEED - RBDPKO BATCH 37,RBDPKO,67.32,61.48,45.59,21.85,0.32,0,0,0,0,0,0,0
305,2026-02-05,22,FEED - RBDPKO BATCH 38,RBDPKO,68.36,61.41,45.66,21.51,0.32,0,0,0,0,0,0,0
306,2026-02-06,1,FEED - RBDPKO BATCH 39,RBDPKO,65.7,59.53,45.67,19.65,0.03,0,0,0,0,0,0,0
307,2026-02-06,2,FEED - RBDPKO BATCH 40,RBDPKO,64.65,60.34,45.28,20.01,0.06,0,0,0,0,0,0,0
308,2026-02-06,4,FEED - RBDPKO BATCH 41,RBDPKO,67.06,60.65,44.31,20.56,0.37,0,0,0,0,0,0,0
309,2026-02-06,6,FEED - RBDPKO BATCH 42,RBDPKO,66.66,59.83,45.34,20.55,0,0,0,0,0,0,0,0
310,2026-02-06,10,FEED - RBDPKO BATCH 43,RBDPKO,64.58,57.89,45.28,19.5,0,0,0,0,0,0,0,0
311,2026-02-06,11,FEED - RBDPKO BATCH 44,RBDPKO,66.58,59.12,44.76,20.38,0.02,0,0,0,0,0,0,0
312,2026-02-06,13,FEED - RBDPKO BATCH 45,RBDPKO,66.02,59.68,44.39,22.06,0.4,0,0,0,0,0,0,0
313,2026-02-06,15,FEED - RBDPKO BATCH 46,RBDPKO,66.24,58.16,43.99,21.32,0,0,0,0,0,0,0,0
314,2026-02-06,16,FEED - RBDPKO BATCH 47,RBDPKO,65.93,58.27,45.35,20.95,0.45,0,0,0,0,0,0,0
315,2026-02-06,20,FEED - RBDPKO BATCH 48,RBDPKO,65.94,57.47,44.28,21.64,0.44,0,0,0,0,0,0,0
316,2026-02-06,22,FEED - RBDPKO BATCH 49,RBDPKO,66.98,58.87,44.59,22.09,0,0,0,0,0,0,0,0
317,2026-02-07,1,FEED - RBDPKO BATCH 50,RBDPKO,66.3,57.81,44.54,22.48,0.51,0,0,0,0,0,0,0
318,2026-02-09,2,FEED - RBDPKO BATCH 1,RBDPKO,66.18,59.96,45.14,21.13,0.12,0,0,0,0,0,0,0
319,2026-02-09,10,FEED - RBDPKO BATCH 2,RBDPKO,66.4,59.2,45.85,21.5,0.15,0,0,0,0,0,0,0
320,2026-02-09,13,FEED - RBDPKO BATCH 3,RBDPKO,67.09,59.59,45.96,21.39,0.12,0,0,0,0,0,0,0
321,2026-02-09,13,FEED - RBDPKO BATCH 4,RBDPKO,66.98,59.41,45.98,22.37,0.26,0,0,0,0,0,0,0
322,2026-02-09,16,FEED - RBDPKO BATCH 5,RBDPKO,66.05,60.03,45.3,20.82,0.34,0,0,0,0,0,0,0
323,2026-02-09,19,FEED - RBDPKO BATCH 6,RBDPKO,67.3,59.93,44.97,20.75,0,0,0,0,0,0,0,0
324,2026-02-09,21,FEED - RBDPKO BATCH 7,RBDPKO,68.07,60.22,43.5,20.15,0.27,0,0,0,0,0,0,0
325,2026-02-10,23,FEED - RBDPKO BATCH 8,RBDPKO,67.43,60.45,43.64,19.64,0.26,0,0,0,0,0,0,0
326,2026-02-10,2,FEED - RBDPKO BATCH 9,RBDPKO,65.94,59.54,45.7,20.27,0,0,0,0,0,0,0,0
327,2026-02-10,3,FEED - RBDPKO BATCH 10,RBDPKO,66.09,59.11,46.43,22.01,0.38,0,0,0,0,0,0,0
328,2026-02-10,6,FEED - RBDPKO BATCH 11,RBDPKO,66.16,59.77,44.82,22.2,0,0,0,0,0,0,0,0
329,2026-02-10,8,FEED - RBDPKO BATCH 12,RBDPKO,66.9,59.19,46.29,22.52,0.08,0,0,0,0,0,0,0
330,2026-02-10,10,FEED - RBDPKO BATCH 13,RBDPKO,65.96,58.35,46.82,21.32,0.21,0,0,0,0,0,0,0
331,2026-02-10,13,FEED - RBDPKO BATCH 14,RBDPKO,67.35,58.76,46.48,21.34,0.14,0,0,0,0,0,0,0
332,2026-02-10,14,FEED - RBDPKO BATCH 15,RBDPKO,67.75,59.31,45.09,21.5,0.33,0,0,0,0,0,0,0
333,2026-02-10,16,FEED - RBDPKO BATCH 16,RBDPKO,64.08,60.24,43.95,21.01,0.18,0,0,0,0,0,0,0
334,2026-02-10,19,FEED - RBDPKO BATCH 17,RBDPKO,65.32,59.83,42.7,20.77,0.07,0,0,0,0,0,0,0
335,2026-02-10,21,FEED - RBDPKO BATCH 18,RBDPKO,63.97,60.03,42.93,20.53,0.17,0,0,0,0,0,0,0
336,2026-02-11,0,FEED - RBDPKO BATCH 19,RBDPKO,62.7,59.59,42.56,20.76,0.27,0,0,0,0,0,0,0
337,2026-02-11,1,FEED - RBDPKO BATCH 20,RBDPKO,66.65,59.7,44.38,19.81,0.2,0,0,0,0,0,0,0
338,2026-02-11,4,FEED - RBDPKOL BATCH 1,RBDPKOL,52.7,35.9,15.9,0.26,0,0,0,0,0,0,0,0
339,2026-02-11,6,FEED - RBDPKOL BATCH 2,RBDPKOL,53.31,36.09,15.31,0.12,0,0,0,0,0,0,0,0
340,2026-02-11,11,FEED - RBDPKOL BATCH 3,RBDPKOL,53.26,35.73,13.7,0.01,0,0,0,0,0,0,0,0
341,2026-02-11,11,FEED - RBDPKOL BATCH 4,RBDPKOL,52.98,34.83,13.85,0.14,0,0,0,0,0,0,0,0
342,2026-02-11,14,FEED - RBDPKOL BATCH 5,RBDPKOL,53.76,34.67,14.12,0,0,0,0,0,0,0,0,0
343,2026-02-11,16,FEED - RBDPKOL BATCH 6,RBDPKOL,51.5,36.26,13.54,0,0,0,0,0,0,0,0,0
344,2026-02-11,19,FEED - RBDPKOL BATCH 7,RBDPKOL,52.5,35.8,13.78,0,0,0,0,0,0,0,0,0
345,2026-02-11,21,FEED - RBDPKOL BATCH 8,RBDPKOL,52.4,36.37,14.43,0,0,0,0,0,0,0,0,0
346,2026-02-11,23,FEED - RBDPKOL BATCH 9,RBDPKOL,51.42,35.09,14.55,0,0,0,0,0,0,0,0,0
347,2026-02-12,1,FEED - RBDPKOL BATCH 10,RBDPKOL,52.72,35.5,14.12,0,0,0,0,0,0,0,0,0
348,2026-02-12,2,FEED - RBDPKOL BATCH 11,RBDPKOL,51.96,35.8,14.78,0,0,0,0,0,0,0,0,0
349,2026-02-12,4,FEED - RBDPKOL BATCH 12,RBDPKOL,52.89,34.34,13.9,0,0,0,0,0,0,0,0,0
350,2026-02-12,6,FEED - RBDPKOL BATCH 13,RBDPKOL,51.65,35.2,14.68,0,0,0,0,0,0,0,0,0
351,2026-02-12,11,FEED - RBDPKOL BATCH 14,RBDPKOL,50.79,35.55,13.89,0,0,0,0,0,0,0,0,0
352,2026-02-12,15,FEED - RBDPKOL BATCH 15,RBDPKOL,51.11,35.87,13.66,0,0,0,0,0,0,0,0,0
353,2026-02-12,20,FEED - RBDPKOL BATCH 16,RBDPKOL,51.46,35.34,13.41,0,0,0,0,0,0,0,0,0
354,2026-02-12,18,FEED - RBDPKOL BATCH 17,RBDPKOL,51.02,34.93,12.85,0,0,0,0,0,0,0,0,0
355,2026-02-12,20,FEED - RBDPKOL BATCH 18,RBDPKOL,50.49,35.73,13.33,0,0,0,0,0,0,0,0,0
356,2026-02-12,22,FEED - RBDPKO BATCH 1,RBDPKO,63.76,56.73,40.59,16.13,0,0,0,0,0,0,0,0
357,2026-02-13,2,FEED - RBDPKO BATCH 2,RBDPKO,67.3,58.91,45.48,20.47,0,0,0,0,0,0,0,0
358,2026-02-13,5,FEED - RBDPKO BATCH 3,RBDPKO,65.24,58.51,43.42,21.19,0,0,0,0,0,0,0,0
359,2026-02-13,6,FEED - RBDPKO BATCH 4,RBDPKO,66.65,58.94,45.46,20.8,0,0,0,0,0,0,0,0
360,2026-02-13,8,FEED - RBDPKO BATCH 5,RBDPKO,67.71,60.33,44.61,20.78,0,0,0,0,0,0,0,0
361,2026-02-13,10,FEED - RBDPKO BATCH 6,RBDPKO,66.78,59.21,44.62,21.61,0,0,0,0,0,0,0,0
362,2026-02-13,12,FEED - RBDPKO BATCH 7,RBDPKO,67.31,59.41,43.58,22.61,0,0,0,0,0,0,0,0
363,2026-02-13,12,FEED - RBDPKO BATCH 8,RBDPKO,66.86,60.44,44.59,21.5,0,0,0,0,0,0,0,0
364,2026-02-13,17,FEED - RBDPKO BATCH 9,RBDPKO,66.46,58.23,45.39,21.96,0,0,0,0,0,0,0,0
365,2026-02-13,19,FEED - RBDPKO BATCH 10,RBDPKO,65.6,59.34,45.46,21.91,0,0,0,0,0,0,0,0
366,2026-02-13,22,FEED - RBDPKO BATCH 11,RBDPKO,67.23,61.88,46.12,21.01,0,0,0,0,0,0,0,0
367,2026-02-13,23,FEED - RBDPKO BATCH 12,RBDPKO,68.2,59.67,46.27,20.35,0,0,0,0,0,0,0,0
368,2026-02-14,4,FEED - RBDPKO BATCH 13,RBDPKO,67.58,60.33,47.25,20.7,0,0,0,0,0,0,0,0
369,2026-02-14,5,FEED - RBDPKO BATCH 14,RBDPKO,66.81,60.03,46.66,20.45,0,0,0,0,0,0,0,0
370,2026-02-14,5,FEED - RBDPKO BATCH 15,RBDPKO,68.96,59.11,46.84,21.58,0,0,0,0,0,0,0,0
371,2026-02-14,2,FEED - RBDPKO BATCH 16,RBDPKO,68.59,60.14,45.55,21.51,0,0,0,0,0,0,0,0
372,2026-02-14,12,FEED - RBDPKO BATCH 17,RBDPKO,68.45,60.45,46.56,21.48,0,0,0,0,0,0,0,0
373,2026-02-14,14,FEED - RBDPKO BATCH 18,RBDPKO,67.02,59.87,45.64,21.07,0,0,0,0,0,0,0,0
374,2026-02-14,17,FEED - RBDPKO BATCH 19,RBDPKO,66.22,59.58,45.28,21.12,0,0,0,0,0,0,0,0
375,2026-02-14,20,FEED - RBDPKO BATCH 20,RBDPKO,66.8,59.18,46.49,21.22,0,0,0,0,0,0,0,0
376,2026-02-14,21,FEED - RBDPKO BATCH 21,RBDPKO,65.67,59.33,45.29,20.96,0,0,0,0,0,0,0,0
377,2026-02-15,1,FEED - RBDPKO BATCH 22,RBDPKO,66.5,59.87,46.38,21.8,0.6,0,0,0,0,0,0,0
378,2026-02-15,3,FEED - RBDPKO BATCH 23,RBDPKO,66.76,60.11,45.34,21.23,0,0,0,0,0,0,0,0
379,2026-02-15,4,FEED - RBDPKO BATCH 24,RBDPKO,67.02,59.95,45.71,20.61,0.7,0,0,0,0,0,0,0
380,2026-02-15,10,FEED - RBDPKO BATCH 25,RBDPKO,68.39,60.34,44.66,21.9,0.47,0,0,0,0,0,0,0
381,2026-02-15,13,FEED - RBDPKO BATCH 26,RBDPKO,68.03,59.72,46.34,21.89,0.45,0,0,0,0,0,0,0
382,2026-02-15,17,FEED - RBDPKO BATCH 27,RBDPKO,66.46,58.68,46.75,21.13,0.55,0,0,0,0,0,0,0
383,2026-02-15,19,FEED - RBDPKO BATCH 28,RBDPKO,66.01,59.74,46.12,20.71,0.12,0,0,0,0,0,0,0
384,2026-02-15,20,FEED - RBDPKO BATCH 29,RBDPKO,67.01,59.96,46.68,21.42,0.41,0,0,0,0,0,0,0
385,2026-02-15,22,FEED - RBDPKO BATCH 30,RBDPKO,67.23,60.07,47.34,21.65,0.06,0,0,0,0,0,0,0
386,2026-02-16,1,FEED - RBDPKO BATCH 31,RBDPKO,70.78,61.52,44.99,21.2,0.15,0,0,0,0,0,0,0
387,2026-02-18,16,FEED - RBDPKST BATCH 1,RBDPKST,88.69,85.77,81.03,68.08,34,0.04,0,0,0,0,0,0
388,2026-02-18,17,FEED - RBDPKST BATCH 2,RBDPKST,90.36,88.49,84.35,72.81,38.94,0,0,0,0,0,0,0
389,2026-02-19,0,FEED - RBDPKST BATCH 3,RBDPKST,86.45,84.65,79.08,63.26,26.09,0.08,0,0,0,0,0,0
390,2026-02-19,2,FEED - RBDPKST BATCH 4,RBDPKST,90.67,88.25,84.32,72.26,39.72,0.26,0,0,0,0,0,0
391,2026-02-19,5,FEED - RBDPKST BATCH 5,RBDPKST,90.7,88.99,84.22,72.26,39.17,0,0,0,0,0,0,0
392,2026-02-19,8,FEED - RBDPKST BATCH 6,RBDPKST,90.81,88.6,83.95,72.25,38.65,0.26,0,0,0,0,0,0
393,2026-02-19,14,FEED - RBDPKST BATCH 8,RBDPKST,90.5,88.09,84.26,72.08,38.51,0,0,0,0,0,0,0
394,2026-02-19,18,FEED - RBDPKST BATCH 10,RBDPKST,90.25,88.96,84.54,72.64,39.93,0.24,0,0,0,0,0,0
395,2026-02-20,5,FEED - RBDPKST BATCH 15,RBDPKST,90.59,87.92,84.54,72.07,37.73,0,0,0,0,0,0,0
396,2026-02-20,11,FEED - RBDPKO BATCH 1,RBDPKO,69.4,63.25,50.92,24.3,0,0,0,0,0,0,0,0
397,2026-02-20,13,FEED - RBDPKO BATCH 2,RBDPKO,69.23,62.6,50.19,24.97,0.06,0,0,0,0,0,0,0
398,2026-02-20,18,FEED - RBDPKO BATCH 3,RBDPKO,67.03,58.97,45.87,20.87,0,0,0,0,0,0,0,0
399,2026-02-20,19,FEED - RBDPKO BATCH 4,RBDPKO,67.48,59.96,44.71,21.49,0,0,0,0,0,0,0,0
400,2026-02-21,2,FEED - RBDPKOL BATCH 1,RBDPKOL,57.83,43.07,19.27,0,0,0,0,0,0,0,0,0
401,2026-02-21,6,FEED - RBDPKOL BATCH 2,RBDPKOL,54.71,40.45,15.01,0,0,0,0,0,0,0,0,0
402,2026-02-21,8,FEED - RBDPKOL BATCH 3,RBDPKOL,54.94,38.22,14.15,0,0,0,0,0,0,0,0,0
403,2026-02-24,7,FEED - RBDPKOL BATCH 1,RBDPKOL,53.01,34.9,15.06,0,0,0,0,0,0,0,0,0
404,2026-02-24,10,FEED - RBDPKOL BATCH 2,RBDPKOL,52.66,34.72,15.66,0,0,0,0,0,0,0,0,0
405,2026-02-24,10,FEED - RBDPKOL BATCH 3,RBDPKOL,52.48,34.5,13.95,0,0,0,0,0,0,0,0,0
406,2026-02-24,16,FEED - RBDPKOL BATCH 4,RBDPKOL,53.32,36.23,13.78,0,0,0,0,0,0,0,0,0
407,2026-02-24,19,FEED - RBDPKOL BATCH 5,RBDPKOL,54.07,34.91,14.03,0,0,0,0,0,0,0,0,0
408,2026-03-02,6.3,FEED - RBDPKOL BATCH 1,RBDPKOL,53.02,35.29,13.35,0,0,0,0,0,0,0,0,0
409,2026-03-02,13,FEED - RBDPKOL BATCH 2,RBDPKOL,54.18,34.46,13.26,0,0,0,0,0,0,0,0,0
410,2026-03-02,18,FEED - RBDPKOL BATCH 3,RBDPKOL,52.04,36.46,13.16,0,0,0,0,0,0,0,0,0
411,2026-03-02,21,FEED - RBDPKOL BATCH 4,RBDPKOL,52.34,35.87,13.65,0,0,0,0,0,0,0,0,0
412,2026-03-03,0,FEED - RBDPKOL BATCH 5,RBDPKOL,52.5,34.6,12.63,0,0,0,0,0,0,0,0,0
413,2026-01-14,14,HPKO - AFTER FILTER BATCH 1,HPKO,94.24,90.73,85.17,69.69,38.45,14.47,6.84,1.02,0,0,0,0
414,2026-01-14,16,HPKO - AFTER FILTER BATCH 2,HPKO,94.08,90.57,84.75,69.21,34.26,10.69,4.22,1.07,0,0,0,0
415,2026-01-14,18,HPKO - AFTER FILTER BATCH 3,HPKO,94.17,90.57,85.8,69.93,35.55,11.55,4.54,1.34,0,0,0,0
416,2026-01-14,20,HPKO - AFTER FILTER BATCH 4,HPKO,94.3,90.42,85.36,69.77,36.06,11.1,4.4,1.1,0,0,0,0
417,2026-01-14,22,HPKO - AFTER FILTER BATCH 5,HPKO,94.58,90.72,86.02,70.23,36.33,11.49,4.82,1.3,0,0,0,0
418,2026-01-15,1,HPKO - AFTER FILTER BATCH 6,HPKO,95.03,91.84,86.18,68.66,33.65,11.29,4.69,1.79,0.12,0,0,0
419,2026-01-15,7,HPKO - AFTER FILTER BATCH 7,HPKO,95.53,92.66,86.84,67.94,34.93,11.17,4.65,1.69,0,0,0,0
420,2026-01-15,10,HPKO - AFTER FILTER BATCH 8,HPKO,94.29,93.15,82.42,67.45,33.01,11.76,4.94,1.88,0,0,0,0
421,2026-01-15,13,HPKO - AFTER FILTER BATCH 9,HPKO,95.52,90.58,85.16,67.11,32.75,11.91,4.48,1.22,0,0,0,0
422,2026-01-15,19.15,HPKO - AFTER FILTER BATCH 10,HPKO,94.72,91.04,85.37,67.55,33.4,11.59,4.95,1.64,0,0,0,0
423,2026-01-15,18,HPKO - AFTER FILTER BATCH 11,HPKO,95.21,90.57,85.23,68.19,38.53,11.65,5.07,1.71,0,0,0,0
424,2026-01-15,21.25,HPKO - AFTER FILTER BATCH 12,HPKO,94.98,91.69,84.97,67.61,34.57,12.94,5.2,1.35,0,0,0,0
425,2026-01-15,22,HPKO - AFTER FILTER BATCH 13,HPKO,94.76,91.49,85.62,67.19,34.04,13.24,5.8,0.71,0,0,0,0
426,2026-01-16,1.15,HPKO - AFTER FILTER BATCH 14,HPKO,95.13,90.95,84.47,65.82,33.8,11.23,4.45,0.46,0,0,0,0
427,2026-01-16,2,HPKO - AFTER FILTER BATCH 15,HPKO,95.24,91.94,85.41,65.75,35.92,13.05,5.61,0.68,0,0,0,0
428,2026-01-16,8,HPKO - AFTER FILTER BATCH 17,HPKO,94.3,90.96,85.73,69.49,33.92,10.04,5.3,0.86,0,0,0,0
429,2026-01-16,9,HPKO - AFTER FILTER BATCH 18,HPKO,94.3,90.64,85.32,71.19,35.38,11.54,4.87,1.19,0,0,0,0
430,2026-01-16,12,HPKO - AFTER FILTER BATCH 19,HPKO,94.81,91.22,85.35,71.18,33.56,11.75,4.75,0.47,0,0,0,0
431,2026-01-16,15,HPKO - AFTER FILTER BATCH 20,HPKO,94.6,90.88,84.57,70.41,36.04,11.19,4.92,0.87,0,0,0,0
432,2026-01-21,18,HPKO - AFTER FILTER BATCH 1,HPKO,93.83,90.89,85.61,68.31,38.29,16.26,7.82,1.08,0,0,0,0
433,2026-01-21,18,HPKO - AFTER FILTER BATCH 2,HPKO,94.49,90.85,83.96,69.72,39.68,14.54,5.3,0.57,0,0,0,0
434,2026-01-21,21,HPKO - AFTER FILTER BATCH 3,HPKO,94.88,91.38,85.96,68.37,34.92,11.96,5.18,0.48,0.58,0,0,0
435,2026-01-21,23,HPKO - AFTER FILTER BATCH 4,HPKO,94.83,91.14,84.32,68.9,34.31,11.58,5.88,0.82,0.35,0,0,0
436,2026-01-22,1,HPKO - AFTER FILTER BATCH 5,HPKO,94.43,91.17,84.88,68.83,35.19,11.85,3.73,0.64,0.05,0,0,0
437,2026-01-22,3,HPKO - AFTER FILTER BATCH 6,HPKO,94.09,91.36,85.6,68.98,35.67,12.11,5.56,0,0.16,0,0,0
438,2026-01-22,6,HPKO - AFTER FILTER BATCH 7,HPKO,94.48,91.31,85.95,68.73,35.67,11.54,5.41,0.25,0.18,0,0,0
439,2026-01-22,7,HPKO - AFTER FILTER BATCH 8,HPKO,94.56,91.33,84.83,68.78,34.79,11.42,4.81,0.68,0.31,0,0,0
440,2026-01-22,9,HPKO - AFTER FILTER BATCH 9,HPKO,94.32,91.35,84.87,68.93,35.58,12.38,4.28,0.23,0.23,0,0,0
441,2026-01-22,13,HPKO - AFTER FILTER BATCH 10,HPKO,93.48,91.34,84.93,68.8,37.02,12.12,4.88,1.48,0.06,0,0,0
442,2026-01-22,14,HPKO - AFTER FILTER BATCH 11,HPKO,93.5,91.41,86.13,68.69,36.35,13.02,5.3,1.5,0,0,0,0
443,2026-01-22,17,HPKO - AFTER FILTER BATCH 12,HPKO,93.88,91.99,87.12,69.48,36.86,12.65,5.33,0.43,0.26,0,0,0
444,2026-01-22,19,HPKO - AFTER FILTER BATCH 13,HPKO,94.14,91.39,86.03,68.28,35.4,11.3,4.51,0.48,0.05,0,0,0
445,2026-01-22,21,HPKO - AFTER FILTER BATCH 14,HPKO,93.9,91.1,85.81,69.33,36.53,12.96,4.44,0.97,0,0,0,0
446,2026-01-22,23,HPKO - AFTER FILTER BATCH 15,HPKO,94.75,92.78,86.95,64.75,33.76,12.39,5.04,1.03,0,0,0,0
447,2026-01-23,1,HPKO - AFTER FILTER BATCH 16,HPKO,94.4,92.74,86,65.01,33.54,11.46,4.62,1,0,0,0,0
448,2026-01-23,4,HPKO - AFTER FILTER BATCH 17,HPKO,94.64,92.16,86.53,66.01,34.55,12.19,5.78,1.06,0,0,0,0
449,2026-01-23,6,HPKO - AFTER FILTER BATCH 18,HPKO,94.5,91.63,83.97,63.46,32.45,10.99,5.49,1.45,0,0,0,0
450,2026-02-02,14,HPKO - AFTER FILTER BATCH 1,HPKO,95.87,92.76,87.03,68.53,33.32,13.61,4.43,2.69,0,0,0,0
451,2026-02-02,15,HPKO - AFTER FILTER BATCH 2,HPKO,95.55,92.14,86.83,69.15,34.69,12.23,6.13,1.25,0,0,0,0
452,2026-02-02,19,HPKO - AFTER FILTER BATCH 3,HPKO,95.48,92.96,86.68,69.64,35.65,12.31,5.18,1.5,0.43,0,0,0
453,2026-02-02,21,HPKO - AFTER FILTER BATCH 4,HPKO,95.49,93.01,86.67,69.68,34.74,13.27,4.83,1.83,0.19,0,0,0
454,2026-02-03,0,HPKO - AFTER FILTER BATCH 5,HPKO,95.55,92.63,86.52,68.81,34.18,12.29,5.71,0.56,0.49,0,0,0
455,2026-02-03,3,HPKO - AFTER FILTER BATCH 6,HPKO,95.49,93.3,86.42,68.45,34.97,13.6,5.07,0.98,0,0,0,0
456,2026-02-03,5,HPKO - AFTER FILTER BATCH 7,HPKO,95.52,93.52,87.65,68.99,35.41,13.27,5.27,0.59,0.32,0,0,0
457,2026-02-03,7,HPKO - AFTER FILTER BATCH 8,HPKO,95.33,93.14,88.48,69.76,35.7,13.02,7.12,2.07,0,0,0,0
458,2026-02-03,10,HPKO - AFTER FILTER BATCH 9,HPKO,95.38,93.32,71.39,69.87,37.13,12.56,5.18,1.01,0,0,0,0
459,2026-02-03,13,HPKO - AFTER FILTER BATCH 10,HPKO,95.71,92.91,88.21,68.49,37.58,12.34,4.19,0.53,0,0,0,0
460,2026-02-03,14,HPKO - AFTER FILTER BATCH 11,HPKO,95.4,93.42,88.14,69.19,37.33,13.18,2.04,0,0,0,0,0
461,2026-02-03,17,HPKO - AFTER FILTER BATCH 12,HPKO,95.56,93.65,87.06,68.3,36.17,12.24,6.22,1.09,0,0,0,0
462,2026-02-03,19,HPKO - AFTER FILTER BATCH 13,HPKO,95.55,93.44,87.24,69.5,35.94,12.11,5.44,1.11,0,0,0,0
463,2026-02-03,21,HPKO - AFTER FILTER BATCH 14,HPKO,95.17,92.95,87.16,68.31,35.1,13.11,4.83,1.72,0,0,0,0
464,2026-02-03,22,HPKO - AFTER FILTER BATCH 15,HPKO,95.42,93.6,86.87,68.24,34.03,12.59,5.47,1.67,0,0,0,0
465,2026-02-04,1,HPKO - AFTER FILTER BATCH 16,HPKO,95.32,92.63,87.32,69.2,28.87,12.26,3.53,1.39,0,0,0,0
466,2026-02-04,3,HPKO - AFTER FILTER BATCH 17,HPKO,95.12,92.78,87.27,65.5,35.64,12.48,4.85,0.37,0,0,0,0
467,2026-02-04,6,HPKO - AFTER FILTER BATCH 18,HPKO,95.09,93.91,87.62,67.71,33.74,11.86,5.27,1.25,0,0,0,0
468,2026-02-04,9,HPKO - AFTER FILTER BATCH 20,HPKO,95.26,93.39,87.45,69.26,37.89,12.35,4.54,0.51,0.1,0,0,0
469,2026-02-04,10,HPKO - AFTER FILTER BATCH 21,HPKO,95.88,93.45,88.66,71.09,37.69,12.77,5.13,1.33,0,0,0,0
470,2026-02-04,14,HPKO - AFTER FILTER BATCH 22,HPKO,95.86,93.32,88.44,70.46,37.86,13.11,5.49,1.48,0.45,0,0,0
471,2026-02-04,17,HPKO - AFTER FILTER BATCH 23,HPKO,95.43,93.62,88.26,68.94,36.41,13.67,6.22,0,0,0,0,0
472,2026-02-04,19,HPKO - AFTER FILTER BATCH 24,HPKO,95.25,93.05,87.47,69.25,37.16,14.1,6.04,0.54,0,0,0,0
473,2026-02-04,22,HPKO - AFTER FILTER BATCH 25,HPKO,95.41,92.42,87.82,69.38,37.7,12.79,6.1,0.68,0.12,0,0,0
474,2026-02-05,0,HPKO - AFTER FILTER BATCH 26,HPKO,95.15,91.08,84.4,67.62,35.81,12.11,5.26,0.29,0,0,0,0
475,2026-02-05,2,HPKO - AFTER FILTER BATCH 27,HPKO,93.18,93.34,87.67,68.55,36.1,11.73,4.96,0.78,0,0,0,0
476,2026-02-05,4,HPKO - AFTER FILTER BATCH 28,HPKO,95.18,92.87,87.28,68.96,36.25,12.39,4.86,0,0,0,0,0
477,2026-02-05,6,HPKO - AFTER FILTER BATCH 29,HPKO,95.31,93.25,87.18,69.12,36.44,12.07,4.78,0.36,0,0,0,0
478,2026-02-05,8,HPKO - AFTER FILTER BATCH 30,HPKO,94.01,91.03,84.28,67.83,33.77,11.08,3.96,1.17,0.46,0,0,0
479,2026-02-05,10,HPKO - AFTER FILTER BATCH 31,HPKO,94.23,91.34,84.41,68.26,33.72,12.47,5.69,0.57,0,0,0,0
480,2026-02-05,12,HPKO - AFTER FILTER BATCH 32,HPKO,94.25,91.31,84.42,68.66,34.44,11.11,5.61,0.9,0.09,0,0,0
481,2026-02-05,14,HPKO - AFTER FILTER BATCH 33,HPKO,94.37,90.95,84.76,68.98,35.06,11.39,5.58,0.85,0.19,0,0,0
482,2026-02-05,17,HPKO - AFTER FILTER BATCH 34,HPKO,95.06,92.57,86.99,68.81,35.25,12.77,5.17,0.45,0,0,0,0
483,2026-02-05,21,HPKO - AFTER FILTER BATCH 35,HPKO,95.05,91.09,85.76,69,36.38,12.16,5.13,0.32,0,0,0,0
484,2026-02-05,22,HPKO - AFTER FILTER BATCH 36,HPKO,93.97,92.38,86.53,68.09,36.41,12.26,4.62,0.42,0.01,0,0,0
485,2026-02-06,1,HPKO - AFTER FILTER BATCH 37,HPKO,94.17,91.6,85.72,69.12,36.04,12.65,5.51,0.41,0,0,0,0
486,2026-02-06,2,HPKO - AFTER FILTER BATCH 38,HPKO,94.52,91.78,85.96,69.48,35.01,12.04,5.54,1.9,0.02,0,0,0
487,2026-02-06,4,HPKO - AFTER FILTER BATCH 39,HPKO,94.35,91.43,85.99,69.66,35.72,11.98,5.72,0.81,0.34,0,0,0
488,2026-02-06,6,HPKO - AFTER FILTER BATCH 40,HPKO,94.62,91.98,85.53,69.46,35.5,12.55,4.85,0.37,0,0,0,0
489,2026-02-06,8,HPKO - AFTER FILTER BATCH 41,HPKO,94.25,90.96,85.42,68.83,34.76,11.64,4.57,0.84,0.07,0,0,0
490,2026-02-06,11,HPKO - AFTER FILTER BATCH 42,HPKO,94.3,91.24,85.21,68.85,34.4,11.67,5.79,1.25,0.34,0,0,0
491,2026-02-06,13,HPKO - AFTER FILTER BATCH 43,HPKO,94.47,91.18,85.16,69.9,34.8,11.38,5.72,0.74,0,0,0,0
492,2026-02-06,15,HPKO - AFTER FILTER BATCH 44,HPKO,94.54,91.22,84.76,70.75,34.78,12.27,5.29,1.02,0.26,0,0,0
493,2026-02-06,18,HPKO - AFTER FILTER BATCH 45,HPKO,94.52,91.18,86.27,69.28,34.26,12.86,5.81,0.32,0.4,0,0,0
494,2026-02-06,20,HPKO - AFTER FILTER BATCH 46,HPKO,94.19,91.24,86.6,70.16,34.73,12.27,4.9,1.23,0,0,0,0
495,2026-02-06,22,HPKO - AFTER FILTER BATCH 47,HPKO,92.56,90.27,84.09,69.94,34.97,13.2,6.07,1.61,0.2,0,0,0
496,2026-02-07,23,HPKO - AFTER FILTER BATCH 48,HPKO,93.84,89.82,84.1,70.05,34.05,13.15,5.3,1.15,0,0,0,0
497,2026-02-07,1,HPKO - AFTER FILTER BATCH 49,HPKO,93.5,89.87,84.51,70.17,34.76,12.46,5.72,1.91,0.38,0,0,0
498,2026-02-07,3,HPKO - AFTER FILTER BATCH 50,HPKO,92.07,89.29,83.74,70.08,34.56,13.56,5.16,1.12,0,0,0,0
499,2026-02-09,13,HPKO - AFTER FILTER BATCH 1,HPKO,94.74,91.79,86.61,69.21,33.25,10.82,4.06,1.12,0,0,0,0
500,2026-02-09,13,HPKO - AFTER FILTER BATCH 2,HPKO,94.52,92.01,87.39,70.02,34.07,11.06,5.1,1.07,0,0,0,0
501,2026-02-09,16,HPKO - AFTER FILTER BATCH 3,HPKO,94.71,92.23,86.96,67.96,34.51,10.5,5.44,1.77,0.19,0,0,0
502,2026-02-09,19,HPKO - AFTER FILTER BATCH 4,HPKO,95.08,92,86.51,68.31,34.41,11.27,4,0.9,0.08,0,0,0
503,2026-02-09,21,HPKO - AFTER FILTER BATCH 5,HPKO,94.78,91.84,85.99,67.95,33.41,11.09,5.5,1.22,0.55,0,0,0
504,2026-02-09,23,HPKO - AFTER FILTER BATCH 6,HPKO,94.33,91.38,86.3,67.85,32.7,10.32,4.58,1.03,0,0,0,0
505,2026-02-10,2,HPKO - AFTER FILTER BATCH 7,HPKO,94.25,91.04,85.83,69.4,34.02,11.1,3.77,0.12,0.32,0,0,0
506,2026-02-10,3,HPKO - AFTER FILTER BATCH 8,HPKO,94.13,91.04,85.64,69.78,32.94,11.69,4.76,1.28,0,0,0,0
507,2026-02-10,6,HPKO - AFTER FILTER BATCH 9,HPKO,94.37,90.86,86.12,68.86,33.76,11.3,5.35,1.37,0,0,0,0
508,2026-02-10,8,HPKO - AFTER FILTER BATCH 10,HPKO,94.59,91.68,86.18,69.2,34.14,11.48,4.3,1.18,0.53,0,0,0
509,2026-02-10,11,HPKO - AFTER FILTER BATCH 11,HPKO,94.49,91.42,85.54,68.75,33.4,11.48,4.75,0.4,0.4,0,0,0
510,2026-02-10,13,HPKO - AFTER FILTER BATCH 12,HPKO,94.52,91.42,85.74,67.98,33.29,10.77,4.6,1.14,0.05,0,0,0
511,2026-02-10,14,HPKO - AFTER FILTER BATCH 13,HPKO,93.88,90.57,85.39,68.16,34.58,11.73,4.09,0.26,0,0,0,0
512,2026-02-10,16,HPKO - AFTER FILTER BATCH 14,HPKO,93.97,91.28,84.87,68.28,34.56,11.4,4.26,0.2,0,0,0,0
513,2026-02-10,19,HPKO - AFTER FILTER BATCH 15,HPKO,94.01,91.27,84.39,68.16,34.39,11.23,4.2,0.14,0,0,0,0
514,2026-02-10,21,HPKO - AFTER FILTER BATCH 16,HPKO,93.33,90.86,84.11,67.71,34.15,10.26,4.98,0.61,0,0,0,0
515,2026-02-11,0,HPKO - AFTER FILTER BATCH 17,HPKO,92.09,89.13,82.73,69.14,34.58,11.34,3.99,0.09,0,0,0,0
516,2026-02-11,4,HPKO - AFTER FILTER BATCH 18,HPKO,93.98,89.58,85.79,68.17,33.69,10.92,4.88,0.66,0,0,0,0
517,2026-02-11,5,HPKO - AFTER FILTER BATCH 19,HPKO,93.12,89.31,85.86,68.25,34.55,11.12,5.26,0.71,0,0,0,0
518,2026-02-11,6,HPKO - AFTER FILTER BATCH 20,HPKO,93.35,91.67,85.76,69.05,34.04,10.63,5.08,0.3,0,0,0,0
519,2026-02-13,5,HPKO - AFTER FILTER BATCH 1,HPKO,91.83,80.41,64.21,44.5,29.48,24.19,1.56,0,0,0,0,0
520,2026-02-13,6,HPKO - AFTER FILTER BATCH 2,HPKO,93.42,86.34,75.22,54.88,32,9.19,2.41,0,0,0,0,0
521,2026-02-13,8,HPKO - AFTER FILTER BATCH 3,HPKO,95,92.27,86.23,65.26,34.52,11.64,4.25,0,0,0,0,0
522,2026-02-13,10,HPKO - AFTER FILTER BATCH 4,HPKO,94.75,91.5,85.82,65.87,32.56,11.34,3.33,0,0,0,0,0
523,2026-02-13,12,HPKO - AFTER FILTER BATCH 5,HPKO,95.15,91.39,84.72,64.53,33.95,12.06,5.18,0,0,0,0,0
524,2026-02-13,15,HPKO - AFTER FILTER BATCH 6,HPKO,95.12,90.84,84.08,64.49,33.11,12.11,5.16,0,0,0,0,0
525,2026-02-13,19,HPKO - AFTER FILTER BATCH 7,HPKO,94.49,90.65,85.04,68.02,34.16,10.8,3.89,0.72,0,0,0,0
526,2026-02-13,19,HPKO - AFTER FILTER BATCH 8,HPKO,94.34,90.61,84.73,67.9,34.4,10.74,4.78,0,0,0,0,0
527,2026-02-13,22,HPKO - AFTER FILTER BATCH 9,HPKO,94.59,90.56,84.85,68.78,35.25,11.97,4.98,0.69,0,0,0,0
528,2026-02-13,23,HPKO - AFTER FILTER BATCH 10,HPKO,94.22,90.28,84.38,68.84,35.19,12.08,4.2,0.82,0,0,0,0
529,2026-02-14,4,HPKO - AFTER FILTER BATCH 11,HPKO,94.42,90.82,85.53,68.52,34.91,11.89,5.04,0.9,0,0,0,0
530,2026-02-14,5,HPKO - AFTER FILTER BATCH 12,HPKO,93.89,90.44,84.18,67.27,34.24,11.38,4.66,0.69,0,0,0,0
531,2026-02-14,5,HPKO - AFTER FILTER BATCH 13,HPKO,94.19,90.8,84.28,68.65,32.29,9.55,5.15,0,0,0,0,0
532,2026-02-14,9,HPKO - AFTER FILTER BATCH 14,HPKO,94.2,91.12,84.7,67.87,34.49,11.17,4.99,0.78,0,0,0,0
533,2026-02-14,12,HPKO - AFTER FILTER BATCH 15,HPKO,94.51,91.49,84.34,68.63,34.57,11.46,4.84,0.76,0,0,0,0
534,2026-02-14,15,HPKO - AFTER FILTER BATCH 16,HPKO,94.26,91.32,84.47,67.37,33.7,11.1,4.44,0,0,0,0,0
535,2026-02-14,17,HPKO - AFTER FILTER BATCH 17,HPKO,94.24,91.07,84.63,68.95,34.55,10.49,4.34,0.9,0,0,0,0
536,2026-02-14,20,HPKO - AFTER FILTER BATCH 18,HPKO,94.18,91.35,85.19,67.44,33.13,11.61,5.64,0.97,0,0,0,0
537,2026-02-15,1,HPKO - AFTER FILTER BATCH 20,HPKO,94.39,90.9,85.17,67.29,33.25,11.72,3.82,0.34,0,0,0,0
538,2026-02-15,3,HPKO - AFTER FILTER BATCH 21,HPKO,94.15,90.36,85.12,68.19,34.96,12.03,4.1,0.44,0,0,0,0
539,2026-02-15,4,HPKO - AFTER FILTER BATCH 22,HPKO,94.43,91.05,84.31,66.97,33.91,11.75,4.8,0,0,0,0,0
540,2026-02-15,10,HPKO - AFTER FILTER BATCH 23,HPKO,94.44,91.05,85.32,68.79,35.24,11.64,3.83,0,0,0,0,0
541,2026-02-15,13,HPKO - AFTER FILTER BATCH 24,HPKO,94.84,91.73,85.56,68.03,34.35,11.09,4.04,0.38,0,0,0,0
542,2026-02-15,17,HPKO - AFTER FILTER BATCH 25,HPKO,93.15,90.16,84.06,67.22,33.54,11.74,4.16,0.21,0,0,0,0
543,2026-02-15,19,HPKO - AFTER FILTER BATCH 26,HPKO,93.35,90.35,84.66,67.28,33.53,11.02,4.19,0.59,0,0,0,0
544,2026-02-15,20,HPKO - AFTER FILTER BATCH 27,HPKO,92.4,90.64,84.37,67.06,33.87,11.45,4.4,0.15,0,0,0,0
545,2026-02-15,22,HPKO - AFTER FILTER BATCH 28,HPKO,93.45,90.24,84.59,68.03,34.98,11.31,4.04,0.11,0,0,0,0
546,2026-02-16,1,HPKO - AFTER FILTER BATCH 29,HPKO,93.53,90.83,84.51,67.24,34.66,11.18,4.85,0.74,0,0,0,0
547,2026-02-16,4,HPKO - AFTER FILTER BATCH 30,HPKO,93.61,91.54,84.1,67.3,33.77,11.31,4.78,0,0,0,0,0
548,2026-02-20,18,HPKO - AFTER FILTER BATCH 1,HPKO,94.61,91.45,86.26,68.71,34.01,11.4,4.79,0.16,0,0,0,0
549,2026-02-20,19,HPKO - AFTER FILTER BATCH 2,HPKO,94.48,91.56,86.65,68.67,34.56,12.04,4.69,0.59,0,0,0,0
550,2026-02-21,2,HPKO - AFTER FILTER BATCH 3,HPKO,94.71,92.04,86.33,69.56,35.34,12.05,4.47,0.91,0,0,0,0
551,2026-02-21,6,HPKO - AFTER FILTER BATCH 4,HPKO,94.91,91.87,86.11,68.1,36.11,11.52,4.34,0,0,0,0,0
552,2026-01-16,COMP,PO PLANT 2,RBDPO,51.12,38.56,24.6,15.55,8.44,6,2.79,0,0,0,0,0
553,2026-01-16,COMP,PO PLANT 3,RBDPO,49.64,35.72,22.96,13.76,7.92,5.9,2.63,0,0,0,0,0
554,2026-01-17,COMP,PO PLANT 2,RBDPO,52.47,37.5,24.26,14.36,8.49,5.61,3.32,0,0,0,0,0
555,2026-01-17,COMP,PO PLANT 3,RBDPO,50.07,36.45,24.36,14.66,8.06,5.52,3.1,0,0,0,0,0
556,2026-01-18,COMP,PO PLANT 2,RBDPO,50.87,36.53,23.73,13.39,8.1,5.27,3.41,0,0,0,0,0
557,2026-01-18,COMP,PO PLANT 3,RBDPO,49.06,34.78,21.46,12.27,8.58,6.08,2.95,0,0,0,0,0
558,2026-01-18,COMP,PO PLANT 2,RBDPO,50.64,34.41,20.88,13.73,8.22,5.09,3.13,0,0,0,0,0
559,2026-01-18,COMP,PO PLANT 3,RBDPO,53.25,36.83,23.99,15.53,9.94,6.3,3.32,0,0,0,0,0
560,-,-,RBDST T.302,RBDST IV 32,82.90164,78.97318,71.52576,64.4801,54.75303,45.45257,37.43125,31.26162,20.36936,8.50044,0.51648,0
561,-,-,RBDST 1 P2,RBDST IV 35,80.43982,73.18108,64.41095,51.73776,39.85278,29.65651,22.8974,15.57827,7.68608,0.00616,0,0
562,2026-01-08,10,HPST- AFTER FILTER BATCH 8,HPST,100,100,100,100,100,100,100,97.36,95.33,77.59,16.96,0
563,2026-01-08,14,HPST- AFTER FILTER BATCH 9,HPST,100,100,100,100,100,100,100,97.49,95.44,77.43,18.63,0
564,2026-01-08,17,HPST- AFTER FILTER BATCH 10,HPST,100,100,100,100,100,100,100,97.61,95.65,77.76,19.7,0
565,2026-01-20,13,HPST - AFTER FILTER BATCH 1,HPST,100,100,100,100,100,100,100,94.94,89.88,68.67,10,0
566,2026-01-20,14,HPST - AFTER FILTER BATCH 2,HPST,100,100,100,100,100,100,100,96.65,93.8,74.27,11.65,0
567,2026-01-20,18,HPST - AFTER FILTER BATCH 3,HPST,100,100,100,100,100,100,100,96.98,94.77,76.15,13.73,0
568,2026-01-20,21,HPST - AFTER FILTER BATCH 4,HPST,100,100,100,100,100,100,100,97.02,94.79,75.18,13.98,0
569,2026-01-20,23,HPST - AFTER FILTER BATCH 5,HPST,100,100,100,100,100,100,100,97.02,94.55,75.9,10.61,0
570,2026-01-21,1,HPST - AFTER FILTER BATCH 6,HPST,100,100,100,100,100,100,100,97.09,94.89,77.18,13.29,0
571,2026-01-21,4,HPST - AFTER FILTER BATCH 7,HPST,100,100,100,100,100,100,100,97.16,94.59,79.3,18.36,0
572,2026-01-21,6,HPST - AFTER FILTER BATCH 8,HPST,100,100,100,100,100,100,100,97.5,94.81,78.82,16.37,0
573,2026-01-21,9,HPST - AFTER FILTER BATCH 9,HPST,100,100,100,100,100,100,100,97.06,94.38,77.91,21.12,0
574,2026-01-21,10,HPST - AFTER FILTER BATCH 10,HPST,100,100,100,100,100,100,100,97.11,94.68,78.22,21.19,0
575,2026-04-25,0,N-CIE RBD OLEIN - BATCH 1,CIE OLEIN,51,39.13,27.08,17.22,11.88,6.85,3.97,0.87,0,0,0,0
576,2026-04-25,5,N-CIE RBD OLEIN - BATCH 1 (SAMPLING ULANG),CIE OLEIN,50.39,38.96,28.33,18.52,11.73,6.58,3.54,0,0,0,0,0
577,2026-04-25,1,N-CIE RBD OLEIN - BATCH 1 (SAMPLING ULANG),CIE OLEIN,50.8,39.07,27.5,17.65,11.83,6.76,3.83,0.58,0,0,0,0
578,2026-04-25,2,N-CIE RBD OLEIN - BATCH 1 (SAMPLING ULANG),CIE OLEIN,49.78,38.79,28.59,19.82,11.58,6.31,3.11,0,0,0,0,0
579,2026-04-25,16.5,N-CIE RBD OLEIN - BATCH 4,CIE OLEIN,49.88,38.43,27.24,17.88,10.29,5.95,2.99,0,0,0,0,0
580,2025-11-29,3,HPKST - AFTER FILTER BATCH 1,HPKST,96.42,96.25,94.37,85.61,45.62,1.78,0,,,,,
581,2025-11-29,3,HPKST - AFTER FILTER BATCH 2,HPKST,96.21,96.07,93.47,87.51,53.88,2.06,0,,,,,
582,2025-11-29,6,HPKST - AFTER FILTER BATCH 3,HPKST,96.56,95.89,92.43,88.38,55.32,2.62,0.23,,,,,
583,2025-11-29,8,HPKST - AFTER FILTER BATCH 4,HPKST,96.84,95.54,94.63,89.73,54.42,4.03,0,,,,,
584,2025-11-29,10,HPKST - AFTER FILTER BATCH 5,HPKST,96.33643,96.14592,94.11,89.44,62.18,1.75,0,,,,,
585,2025-11-29,12,HPKST - AFTER FILTER BATCH 6,HPKST,96.83775,96.02089,94.5,88.85,59.98,2.05,0,,,,,
586,2025-11-29,14,HPKST - AFTER FILTER BATCH 7,HPKST,96.28399,95.56389,94.46,89.07,57.63,2.16,0,,,,,
587,2025-11-29,16,HPKST - AFTER FILTER BATCH 8,HPKST,96.73781,95.83122,94.39,88.93,58.31,1.34,0,,,,,
588,2025-11-29,18,HPKST - AFTER FILTER BATCH 9,HPKST,96.36663,96.01705,94.08,89.59,60.55,1.73,0,,,,,
589,2025-11-29,21,HPKST - AFTER FILTER BATCH 10,HPKST,96.38879,95.92289,94.36,88.99,54.08,1.29,0,,,,,
590,2025-11-29,22,HPKST - AFTER FILTER BATCH 11,HPKST,96.67307,95.65846,94.18,88.97,56.83,1.61,0,,,,,
591,2025-11-29,23,HPKST - AFTER FILTER BATCH 12,HPKST,96.693,96.10611,94.48,89.75,57.3,2.86,0,,,,,
592,2025-11-29,5,HPKST - AFTER FILTER BATCH 13,HPKST,96.41375,96.10395,94.4,88.42,56.83,1.75,0,,,,,
593,2025-11-29,5,HPKST - AFTER FILTER BATCH 14,HPKST,96.265,96.11213,94.56,89.44,62.18,1.75,0,,,,,
594,2025-11-29,7,HPKST - AFTER FILTER BATCH 15,HPKST,96.8358,95.8593,94.64,88.85,59.98,2.05,0,,,,,
595,2025-11-30,9,HPKST - AFTER FILTER BATCH 16,HPKST,96.23023,95.78078,94.51,89.07,57.63,2.16,0,,,,,
596,2025-11-30,11,HPKST - AFTER FILTER BATCH 17,HPKST,96.56925,96.18231,93.96,88.93,58.31,1.34,0,,,,,
597,2025-11-30,12,HPKST - AFTER FILTER BATCH 18,HPKST,96.49607,95.70029,94.06,89.59,60.55,1.73,0,,,,,
598,2025-11-30,15,HPKST - AFTER FILTER BATCH 19,HPKST,96.75724,95.86875,94.12,88.99,54.08,1.29,0,,,,,
599,2025-11-30,16,HPKST - AFTER FILTER BATCH 20,HPKST,96.52118,96.0884,94.31,88.97,56.83,1.73,0,,,,,
600,2025-11-30,19,HPKST - AFTER FILTER BATCH 21,HPKST,96.68812,95.94189,94.31,88.29,56.91,1.76,0,,,,,
601,2025-11-30,21,HPKST - AFTER FILTER BATCH 22,HPKST,96.50457,95.76687,94.58,89.44,58.28,1.94,0,,,,,
602,2025-11-30,22,HPKST - AFTER FILTER BATCH 23,HPKST,96.42762,96.17529,94.95,89.21,59.41,1.33,0,,,,,
603,2025-12-01,0,HPKST - AFTER FILTER BATCH 24,HPKST,96.68912,95.88158,94.71,88.22,59.71,0.82,0,,,,,
604,2025-12-01,2,HPKST - AFTER FILTER BATCH 25,HPKST,96.68604,95.7864,95.2,89.19,58.81,0,0,,,,,
605,2025-12-01,3,HPKST - AFTER FILTER BATCH 26,HPKST,96.32901,95.77772,94.89,89.07,57.47,0.61,0,,,,,
606,2025-12-01,6,HPKST - AFTER FILTER BATCH 27,HPKST,96.51837,95.8308,94.4,89.25,59.93,2.42,0,,,,,
607,2025-12-01,9,HPKST - AFTER FILTER BATCH 28,HPKST,96.46855,95.76309,94.33,90.99,52,0.95,0,,,,,
608,2025-12-01,11,HPKST - AFTER FILTER BATCH 29,HPKST,96.53513,95.99094,95.06,89.72,49.03,0.91,0,,,,,
609,2025-12-03,1,HPKST - AFTER FILTER BATCH 1,HPKST,96.68954,96.15236,94.39,90.89,62.86,2.5,0,,,,,
610,2025-12-03,2,HPKST - AFTER FILTER BATCH 2,HPKST,96.49786,95.75281,94.95,90.64,61.57,1.52,0,,,,,
611,2025-12-03,4,HPKST - AFTER FILTER BATCH 3,HPKST,96.45112,95.71744,94.86,91.11,60.71,2.02,0,,,,,
612,2025-12-03,6,HPKST - AFTER FILTER BATCH 4,HPKST,96.48083,95.98718,94.97,91.64,59.63,1.69,0,,,,,
613,2025-12-03,8,HPKST - AFTER FILTER BATCH 5,HPKST,96.31586,96.14415,94.85,91.22,67.43,2.42,0,,,,,
614,2025-12-03,10,HPKST - AFTER FILTER BATCH 6,HPKST,96.54565,95.80689,94.72,90.95,66.82,2.75,0,,,,,
615,2025-12-03,12,HPKST - AFTER FILTER BATCH 7,HPKST,96.72004,95.86269,94.75,91.47,65.53,1,0,,,,,
616,2025-12-03,14,HPKST - AFTER FILTER BATCH 8,HPKST,96.49101,95.88962,94.43,90.94,68.36,3.28,0,,,,,
617,2025-12-03,17,HPKST - AFTER FILTER BATCH 9,HPKST,96.46508,95.95822,94.67,90.34,59.39,1.85,0,,,,,
618,2025-12-03,18,HPKST - AFTER FILTER BATCH 10,HPKST,96.27905,96.2243,94.55,90.41,60.6,2.59,0,,,,,
619,2025-12-03,20,HPKST - AFTER FILTER BATCH 11,HPKST,96.44333,96.15306,94.13,90.37,59.18,2.39,0,,,,,
620,2025-12-03,23,HPKST - AFTER FILTER BATCH 12,HPKST,96.83133,95.64894,95.02,91.17,59.91,2.36,0,,,,,
621,2025-12-04,1,HPKST - AFTER FILTER BATCH 13,HPKST,96.82333,95.99982,94.65,90.98,66.93,2.46,0,,,,,
622,2025-12-04,4,HPKST - AFTER FILTER BATCH 14,HPKST,96.25133,95.90386,95.01,91.19,65.56,2.21,0,,,,,
623,2025-12-04,6,HPKST - AFTER FILTER BATCH 15,HPKST,96.35569,95.78648,94.87,91.62,66.51,2.97,0,,,,,
624,2025-12-04,9,HPKST - AFTER FILTER BATCH 16,HPKST,96.62643,95.83909,95.03,90.23,58.71,2.24,0,,,,,
625,2025-12-04,11,HPKST - AFTER FILTER BATCH 17,HPKST,96.49297,95.71344,95.15,90.43,60.11,1.66,0,,,,,
626,2025-12-04,14,HPKST - AFTER FILTER BATCH 18,HPKST,96.25788,95.60368,95.18,90.17,57.73,2.66,0,,,,,
627,2025-12-04,17,HPKST - AFTER FILTER BATCH 19,HPKST,96.4139,96.08336,94.89,90.26,60.81,1.32,0,,,,,
628,2025-12-04,18,HPKST - AFTER FILTER BATCH 20,HPKST,96.36162,95.84757,94.83,89.61,59.98,1.46,0,,,,,
629,2025-12-04,21,HPKST - AFTER FILTER BATCH 21,HPKST,96.37559,95.71416,94.7,90.29,58.48,1.46,0,,,,,
630,2025-12-04,23,HPKST - AFTER FILTER BATCH 22,HPKST,96.41392,95.69202,94.84,92.06,59.14,1.25,0,,,,,
631,2025-12-05,2,HPKST - AFTER FILTER BATCH 23,HPKST,96.68242,95.85129,95.27,91.11,57.2,1.81,0,,,,,
632,2025-12-05,5,HPKST - AFTER FILTER BATCH 24,HPKST,96.79,96.03123,95.21,90.25,57.83,1.18,0,,,,,
633,2025-12-05,8,HPKST - AFTER FILTER BATCH 25,HPKST,96.45283,96.19979,95.46,90.92,56.57,1.79,0,,,,,
634,2025-12-05,9,HPKST - AFTER FILTER BATCH 26,HPKST,96.83281,95.98497,94.31,89.84,56.12,1.06,0,,,,,
635,2025-12-05,12,HPKST - AFTER FILTER BATCH 27,HPKST,96.78842,96.03265,94.23,89.71,57.96,1.07,0,,,,,
636,2025-12-05,15,HPKST - AFTER FILTER BATCH 28,HPKST,96.59478,95.58898,94.65,90.63,57.64,1.13,0,,,,,
637,2025-12-05,19,HPKST - AFTER FILTER BATCH 29,HPKST,96.68411,95.87441,95.16,91,57.49,1.01,0,,,,,
638,2026-02-19,1,HPKST - AFTER FILTER BATCH 1,HPKST,96.97,96.45,94.83,88.11,54.53,1.81,0,,,,,
639,2026-02-19,3,HPKST - AFTER FILTER BATCH 2,HPKST,96.77,96.3,94.63,88.84,54,1.27,0,,,,,
640,2026-02-19,5,HPKST - AFTER FILTER BATCH 3,HPKST,96.83,96.33,94.79,88.14,53.49,1.07,0,,,,,
641,2026-02-19,8,HPKST - AFTER FILTER BATCH 4,HPKST,97.08,96.37,94.82,87.97,53.9,1.41,0,,,,,
642,2026-02-19,11,HPKST - AFTER FILTER BATCH 5,HPKST,97.15,96.58,94.57,88.7,54.37,1.51,0,,,,,
643,2026-02-19,14,HPKST - AFTER FILTER BATCH 6,HPKST,96.8,96.49,94.52,88.8,54.7,1.47,0,,,,,
644,2026-02-19,22,HPKST - AFTER FILTER BATCH 10,HPKST,96.93,96.54,94.7,88.74,54.31,1.18,0,,,,,
645,2026-02-20,8,HPKST - AFTER FILTER BATCH 15,HPKST,97,96.51,95.47,90.48,55.84,2.36,0,,,,,
646,2025-08-11,FRAKSI 3,OLEIN IV 57 P3,OLEIN IV 57,27.1,12.99,2.66,0,,,,,,,,
647,2025-08-18,FRAKSI 3,OLEIN B2P3,OLEIN IV 57,26.21,10.34,1.39,0,,,,,,,,
648,2025-08-25,FRAKSI 3,OLEIN B1P3,OLEIN IV 57,31.01,12.87,2.31,0,,,,,,,,
649,2025-08-07,FRAKSI 3,OLEIN B2 P3,OLEIN IV 57,29.91,16.22,4.53,0,,,,,,,,
650,2025-08-18,FRAKSI 3,OLEIN B1P3,OLEIN IV 57,26.68,11.14,1.49,0,,,,,,,,
